deviceid,humidity,recorded_date,temperature,winddirection,window,windspeed
WindTurbine-6,77.24060299,6/30/2019,28.06578529,E,2019-06-30T00:00:00.000+0000,7.724060299
WindTurbine-6,72.77003771,6/30/2019,26.44138154,E,2019-06-30T00:05:00.000+0000,7.277003771
WindTurbine-6,80.07153576,6/30/2019,29.09441982,E,2019-06-30T00:10:00.000+0000,8.007153576
WindTurbine-6,77.15718722,6/30/2019,28.03547573,SE,2019-06-30T00:15:00.000+0000,7.715718722
WindTurbine-6,77.80698225,6/30/2019,28.27158222,SW,2019-06-30T00:20:00.000+0000,7.780698225
WindTurbine-6,78.52798312,6/30/2019,28.53356173,S,2019-06-30T00:25:00.000+0000,7.852798312
WindTurbine-6,79.03339409,6/30/2019,28.71720551,SW,2019-06-30T00:30:00.000+0000,7.903339409
WindTurbine-6,79.88030244,6/30/2019,29.02493418,SW,2019-06-30T00:35:00.000+0000,7.988030244
WindTurbine-6,84.28751499,6/30/2019,30.62631838,NE,2019-06-30T00:40:00.000+0000,8.428751499
WindTurbine-6,87.01672066,6/30/2019,31.61798982,NW,2019-06-30T00:45:00.000+0000,8.701672066
WindTurbine-6,74.40698844,6/30/2019,27.03617633,NW,2019-06-30T00:50:00.000+0000,7.440698844
WindTurbine-6,71.38138541,6/30/2019,25.93680732,W,2019-06-30T00:55:00.000+0000,7.138138541
WindTurbine-6,59.96062556,6/30/2019,21.78701328,S,2019-06-30T01:00:00.000+0000,5.996062556
WindTurbine-6,77.93957323,6/30/2019,28.31975986,S,2019-06-30T01:05:00.000+0000,7.793957323
WindTurbine-6,72.95630152,6/30/2019,26.50906149,SW,2019-06-30T01:10:00.000+0000,7.295630152
WindTurbine-6,85.78129875,6/30/2019,31.16909268,NW,2019-06-30T01:15:00.000+0000,8.578129875
WindTurbine-6,84.45226515,6/30/2019,30.68618123,SE,2019-06-30T01:20:00.000+0000,8.445226515
WindTurbine-6,79.05265068,6/30/2019,28.72420249,NW,2019-06-30T01:25:00.000+0000,7.905265068
WindTurbine-6,85.84044934,6/30/2019,31.19058536,SE,2019-06-30T01:30:00.000+0000,8.584044934
WindTurbine-6,88.95253753,6/30/2019,32.32137921,NW,2019-06-30T01:35:00.000+0000,8.895253753
WindTurbine-6,88.49619453,6/30/2019,32.15556455,SW,2019-06-30T01:40:00.000+0000,8.849619453
WindTurbine-6,90.28303355,6/30/2019,32.80482204,W,2019-06-30T01:45:00.000+0000,9.028303355
WindTurbine-6,95.55176008,6/30/2019,34.71924194,S,2019-06-30T01:50:00.000+0000,9.555176008
WindTurbine-6,85.13019267,6/30/2019,30.93250981,S,2019-06-30T01:55:00.000+0000,8.513019267
WindTurbine-6,72.35594389,6/30/2019,26.29091834,SW,2019-06-30T02:00:00.000+0000,7.235594389
WindTurbine-6,79.93426549,6/30/2019,29.04454194,NE,2019-06-30T02:05:00.000+0000,7.993426549
WindTurbine-6,74.4575284,6/30/2019,27.05454029,W,2019-06-30T02:10:00.000+0000,7.44575284
WindTurbine-6,89.34347493,6/30/2019,32.4634284,E,2019-06-30T02:15:00.000+0000,8.934347493
WindTurbine-6,77.91484115,6/30/2019,28.31077333,SE,2019-06-30T02:20:00.000+0000,7.791484115
WindTurbine-6,73.76347158,6/30/2019,26.80235104,NE,2019-06-30T02:25:00.000+0000,7.376347158
WindTurbine-6,80.16887035,6/30/2019,29.12978687,NE,2019-06-30T02:30:00.000+0000,8.016887035
WindTurbine-6,67.20058265,6/30/2019,24.41769033,SE,2019-06-30T02:35:00.000+0000,6.720058265
WindTurbine-6,78.26105648,6/30/2019,28.43657252,E,2019-06-30T02:40:00.000+0000,7.826105648
WindTurbine-6,86.86468297,6/30/2019,31.56274611,S,2019-06-30T02:45:00.000+0000,8.686468297
WindTurbine-6,84.63720962,6/30/2019,30.75338179,NE,2019-06-30T02:50:00.000+0000,8.463720962
WindTurbine-6,86.8903013,6/30/2019,31.57205467,W,2019-06-30T02:55:00.000+0000,8.68903013
WindTurbine-6,79.79222089,6/30/2019,28.99292928,NE,2019-06-30T03:00:00.000+0000,7.979222089
WindTurbine-6,71.84974571,6/30/2019,26.10698853,N,2019-06-30T03:05:00.000+0000,7.184974571
WindTurbine-6,86.30403045,6/30/2019,31.35903003,S,2019-06-30T03:10:00.000+0000,8.630403045
WindTurbine-6,80.2314576,6/30/2019,29.15252828,W,2019-06-30T03:15:00.000+0000,8.02314576
WindTurbine-6,87.16730798,6/30/2019,31.67270653,SE,2019-06-30T03:20:00.000+0000,8.716730798
WindTurbine-6,77.49801627,6/30/2019,28.15931778,S,2019-06-30T03:25:00.000+0000,7.749801627
WindTurbine-6,84.40636868,6/30/2019,30.6695045,S,2019-06-30T03:30:00.000+0000,8.440636868
WindTurbine-6,78.82390614,6/30/2019,28.64108694,E,2019-06-30T03:35:00.000+0000,7.882390614
WindTurbine-6,79.76271982,6/30/2019,28.98220991,SE,2019-06-30T03:40:00.000+0000,7.976271982
WindTurbine-6,85.91933365,6/30/2019,31.21924839,SE,2019-06-30T03:45:00.000+0000,8.591933365
WindTurbine-6,86.85997185,6/30/2019,31.5610343,NE,2019-06-30T03:50:00.000+0000,8.685997185
WindTurbine-6,78.40152171,6/30/2019,28.48761131,E,2019-06-30T03:55:00.000+0000,7.840152171
WindTurbine-6,73.45980392,6/30/2019,26.69201178,NW,2019-06-30T04:00:00.000+0000,7.345980392
WindTurbine-6,63.02611524,6/30/2019,22.90087531,SE,2019-06-30T04:05:00.000+0000,6.302611524
WindTurbine-6,55.98192307,6/30/2019,20.3413305,S,2019-06-30T04:10:00.000+0000,5.598192307
WindTurbine-6,78.94525237,6/30/2019,28.68517874,NW,2019-06-30T04:15:00.000+0000,7.894525237
WindTurbine-6,85.26505817,6/30/2019,30.98151391,NE,2019-06-30T04:20:00.000+0000,8.526505817
WindTurbine-6,80.87556843,6/30/2019,29.38656938,SE,2019-06-30T04:25:00.000+0000,8.087556843
WindTurbine-6,75.02101183,6/30/2019,27.259285,SE,2019-06-30T04:30:00.000+0000,7.502101183
WindTurbine-6,70.81753826,6/30/2019,25.73193045,N,2019-06-30T04:35:00.000+0000,7.081753826
WindTurbine-6,85.52069423,6/30/2019,31.07440063,SW,2019-06-30T04:40:00.000+0000,8.552069423
WindTurbine-6,82.36932574,6/30/2019,29.92933408,S,2019-06-30T04:45:00.000+0000,8.236932574
WindTurbine-6,84.49112557,6/30/2019,30.70030137,NW,2019-06-30T04:50:00.000+0000,8.449112557
WindTurbine-6,81.09586065,6/30/2019,29.46661374,S,2019-06-30T04:55:00.000+0000,8.109586065
WindTurbine-6,81.19331433,6/30/2019,29.50202406,E,2019-06-30T05:00:00.000+0000,8.119331433
WindTurbine-6,73.96722152,6/30/2019,26.87638467,SE,2019-06-30T05:05:00.000+0000,7.396722152
WindTurbine-6,72.13968484,6/30/2019,26.21233946,N,2019-06-30T05:10:00.000+0000,7.213968484
WindTurbine-6,73.063003,6/30/2019,26.54783205,N,2019-06-30T05:15:00.000+0000,7.3063003
WindTurbine-6,78.55279157,6/30/2019,28.54257602,SE,2019-06-30T05:20:00.000+0000,7.855279157
WindTurbine-6,88.29959858,6/30/2019,32.08413036,NE,2019-06-30T05:25:00.000+0000,8.829959858
WindTurbine-6,86.57541347,6/30/2019,31.4576385,N,2019-06-30T05:30:00.000+0000,8.657541347
WindTurbine-6,95.95301838,6/30/2019,34.86504129,NE,2019-06-30T05:35:00.000+0000,9.595301838
WindTurbine-6,81.27082487,6/30/2019,29.53018792,E,2019-06-30T05:40:00.000+0000,8.127082487
WindTurbine-6,63.41404989,6/30/2019,23.04183344,W,2019-06-30T05:45:00.000+0000,6.341404989
WindTurbine-6,84.3365203,6/30/2019,30.64412472,NE,2019-06-30T05:50:00.000+0000,8.43365203
WindTurbine-6,73.3405341,6/30/2019,26.64867445,N,2019-06-30T05:55:00.000+0000,7.33405341
WindTurbine-6,80.78118206,6/30/2019,29.3522736,E,2019-06-30T06:00:00.000+0000,8.078118206
WindTurbine-6,94.58755539,6/30/2019,34.36889302,W,2019-06-30T06:05:00.000+0000,9.458755539
WindTurbine-6,72.25909534,6/30/2019,26.2557279,NW,2019-06-30T06:10:00.000+0000,7.225909534
WindTurbine-6,83.47442382,6/30/2019,30.33087736,S,2019-06-30T06:15:00.000+0000,8.347442382
WindTurbine-6,65.65617642,6/30/2019,23.85652208,SE,2019-06-30T06:20:00.000+0000,6.565617642
WindTurbine-6,81.0586179,6/30/2019,29.45308139,SE,2019-06-30T06:25:00.000+0000,8.10586179
WindTurbine-6,88.78032684,6/30/2019,32.25880554,SW,2019-06-30T06:30:00.000+0000,8.878032684
WindTurbine-6,89.89824142,6/30/2019,32.66500577,SW,2019-06-30T06:35:00.000+0000,8.989824142
WindTurbine-6,76.33404466,6/30/2019,27.73638249,SE,2019-06-30T06:40:00.000+0000,7.633404466
WindTurbine-6,77.88196843,6/30/2019,28.29882885,SE,2019-06-30T06:45:00.000+0000,7.788196843
WindTurbine-6,78.25741687,6/30/2019,28.43525005,S,2019-06-30T06:50:00.000+0000,7.825741687
WindTurbine-6,74.06625941,6/30/2019,26.91237062,S,2019-06-30T06:55:00.000+0000,7.406625941
WindTurbine-6,70.81989737,6/30/2019,25.73278764,NE,2019-06-30T07:00:00.000+0000,7.081989737
WindTurbine-6,71.47207599,6/30/2019,25.96976022,E,2019-06-30T07:05:00.000+0000,7.147207599
WindTurbine-6,82.96433825,6/30/2019,30.14553505,E,2019-06-30T07:10:00.000+0000,8.296433825
WindTurbine-6,76.8893317,6/30/2019,27.938149,E,2019-06-30T07:15:00.000+0000,7.68893317
WindTurbine-6,85.94550387,6/30/2019,31.22875748,W,2019-06-30T07:20:00.000+0000,8.594550387
WindTurbine-6,75.24725943,6/30/2019,27.34149328,NW,2019-06-30T07:25:00.000+0000,7.524725943
WindTurbine-6,81.35269973,6/30/2019,29.55993759,S,2019-06-30T07:30:00.000+0000,8.135269973
WindTurbine-6,83.78363952,6/30/2019,30.44323253,NW,2019-06-30T07:35:00.000+0000,8.378363952
WindTurbine-6,90.50655821,6/30/2019,32.88604092,S,2019-06-30T07:40:00.000+0000,9.050655821
WindTurbine-6,69.41522067,6/30/2019,25.22239087,NE,2019-06-30T07:45:00.000+0000,6.941522067
WindTurbine-6,77.541589,6/30/2019,28.17515017,W,2019-06-30T07:50:00.000+0000,7.7541589
WindTurbine-6,71.71726179,6/30/2019,26.05884979,NE,2019-06-30T07:55:00.000+0000,7.171726179
WindTurbine-6,77.31132807,6/30/2019,28.09148363,SW,2019-06-30T08:00:00.000+0000,7.731132807
WindTurbine-6,84.08525781,6/30/2019,30.55282715,W,2019-06-30T08:05:00.000+0000,8.408525781
WindTurbine-6,86.75277827,6/30/2019,31.52208494,W,2019-06-30T08:10:00.000+0000,8.675277827
WindTurbine-6,71.11231019,6/30/2019,25.8390374,NE,2019-06-30T08:15:00.000+0000,7.111231019
WindTurbine-6,76.32584472,6/30/2019,27.733403,W,2019-06-30T08:20:00.000+0000,7.632584472
WindTurbine-6,73.89252575,6/30/2019,26.84924356,NW,2019-06-30T08:25:00.000+0000,7.389252575
WindTurbine-6,88.06391092,6/30/2019,31.99849199,W,2019-06-30T08:30:00.000+0000,8.806391092
WindTurbine-6,78.38062821,6/30/2019,28.48001954,W,2019-06-30T08:35:00.000+0000,7.838062821
WindTurbine-6,69.99188184,6/30/2019,25.43192378,NE,2019-06-30T08:40:00.000+0000,6.999188184
WindTurbine-6,78.06073707,6/30/2019,28.36378539,NW,2019-06-30T08:45:00.000+0000,7.806073707
WindTurbine-6,75.4619351,6/30/2019,27.41949682,SE,2019-06-30T08:50:00.000+0000,7.54619351
WindTurbine-6,76.26746322,6/30/2019,27.71218976,NE,2019-06-30T08:55:00.000+0000,7.626746322
WindTurbine-6,74.28665187,6/30/2019,26.99245139,NW,2019-06-30T09:00:00.000+0000,7.428665187
WindTurbine-6,75.32982503,6/30/2019,27.37149392,NW,2019-06-30T09:05:00.000+0000,7.532982503
WindTurbine-6,83.88443897,6/30/2019,30.47985855,N,2019-06-30T09:10:00.000+0000,8.388443897
WindTurbine-6,76.13871011,6/30/2019,27.66540664,S,2019-06-30T09:15:00.000+0000,7.613871011
WindTurbine-6,77.75165047,6/30/2019,28.25147712,N,2019-06-30T09:20:00.000+0000,7.775165047
WindTurbine-6,81.42528271,6/30/2019,29.586311,SW,2019-06-30T09:25:00.000+0000,8.142528271
WindTurbine-6,67.37337161,6/30/2019,24.48047412,NW,2019-06-30T09:30:00.000+0000,6.737337161
WindTurbine-6,77.00995341,6/30/2019,27.98197754,NW,2019-06-30T09:35:00.000+0000,7.700995341
WindTurbine-6,65.82744262,6/30/2019,23.91875257,NW,2019-06-30T09:40:00.000+0000,6.582744262
WindTurbine-6,67.0330692,6/30/2019,24.35682342,S,2019-06-30T09:45:00.000+0000,6.70330692
WindTurbine-6,81.97349267,6/30/2019,29.78550602,N,2019-06-30T09:50:00.000+0000,8.197349267
WindTurbine-6,82.15536199,6/30/2019,29.8515892,N,2019-06-30T09:55:00.000+0000,8.215536199
WindTurbine-6,69.79024125,6/30/2019,25.3586566,SW,2019-06-30T10:00:00.000+0000,6.979024125
WindTurbine-6,70.37941468,6/30/2019,25.57273591,E,2019-06-30T10:05:00.000+0000,7.037941468
WindTurbine-6,75.76737826,6/30/2019,27.53048123,NE,2019-06-30T10:10:00.000+0000,7.576737826
WindTurbine-6,80.06931993,6/30/2019,29.09361469,SE,2019-06-30T10:15:00.000+0000,8.006931993
WindTurbine-6,82.06725084,6/30/2019,29.81957355,N,2019-06-30T10:20:00.000+0000,8.206725084
WindTurbine-6,82.43943129,6/30/2019,29.9548073,N,2019-06-30T10:25:00.000+0000,8.243943129
WindTurbine-6,72.77515453,6/30/2019,26.44324077,NE,2019-06-30T10:30:00.000+0000,7.277515453
WindTurbine-6,70.9128845,6/30/2019,25.76657501,N,2019-06-30T10:35:00.000+0000,7.09128845
WindTurbine-6,83.15621094,6/30/2019,30.21525301,SW,2019-06-30T10:40:00.000+0000,8.315621094
WindTurbine-6,78.79801978,6/30/2019,28.631681,NW,2019-06-30T10:45:00.000+0000,7.879801978
WindTurbine-6,75.5522757,6/30/2019,27.45232257,N,2019-06-30T10:50:00.000+0000,7.55522757
WindTurbine-6,82.2084025,6/30/2019,29.87086176,N,2019-06-30T10:55:00.000+0000,8.22084025
WindTurbine-6,91.90208831,6/30/2019,33.39311423,SE,2019-06-30T11:00:00.000+0000,9.190208831
WindTurbine-6,83.66944636,6/30/2019,30.40173984,NW,2019-06-30T11:05:00.000+0000,8.366944636
WindTurbine-6,85.16414807,6/30/2019,30.94484768,SE,2019-06-30T11:10:00.000+0000,8.516414807
WindTurbine-6,60.8290771,6/30/2019,22.10256978,S,2019-06-30T11:15:00.000+0000,6.08290771
WindTurbine-6,82.7894121,6/30/2019,30.0819747,N,2019-06-30T11:20:00.000+0000,8.27894121
WindTurbine-6,73.52446673,6/30/2019,26.71550735,NE,2019-06-30T11:25:00.000+0000,7.352446673
WindTurbine-6,78.20665621,6/30/2019,28.41680589,SE,2019-06-30T11:30:00.000+0000,7.820665621
WindTurbine-6,93.5236182,6/30/2019,33.98230577,SW,2019-06-30T11:35:00.000+0000,9.35236182
WindTurbine-6,70.54535081,6/30/2019,25.63302969,E,2019-06-30T11:40:00.000+0000,7.054535081
WindTurbine-6,87.11422387,6/30/2019,31.65341813,S,2019-06-30T11:45:00.000+0000,8.711422387
WindTurbine-6,87.60321939,6/30/2019,31.83109726,SE,2019-06-30T11:50:00.000+0000,8.760321939
WindTurbine-6,87.19085701,6/30/2019,31.68126319,NE,2019-06-30T11:55:00.000+0000,8.719085701
WindTurbine-6,70.88403448,6/30/2019,25.75609221,N,2019-06-30T12:00:00.000+0000,7.088403448
WindTurbine-6,82.60278092,6/30/2019,30.01416126,NE,2019-06-30T12:05:00.000+0000,8.260278092
WindTurbine-6,74.08772677,6/30/2019,26.9201709,E,2019-06-30T12:10:00.000+0000,7.408772677
WindTurbine-6,88.6915636,6/30/2019,32.22655294,E,2019-06-30T12:15:00.000+0000,8.86915636
WindTurbine-6,69.17368386,6/30/2019,25.13462718,N,2019-06-30T12:20:00.000+0000,6.917368386
WindTurbine-6,79.77032395,6/30/2019,28.9849729,SW,2019-06-30T12:25:00.000+0000,7.977032395
WindTurbine-6,77.01076597,6/30/2019,27.98227279,N,2019-06-30T12:30:00.000+0000,7.701076597
WindTurbine-6,65.44690891,6/30/2019,23.78048361,N,2019-06-30T12:35:00.000+0000,6.544690891
WindTurbine-6,87.72058935,6/30/2019,31.87374427,W,2019-06-30T12:40:00.000+0000,8.772058935
WindTurbine-6,86.5417318,6/30/2019,31.44540008,NE,2019-06-30T12:45:00.000+0000,8.65417318
WindTurbine-6,71.09222175,6/30/2019,25.83173816,SW,2019-06-30T12:50:00.000+0000,7.109222175
WindTurbine-6,85.85768726,6/30/2019,31.19684885,SE,2019-06-30T12:55:00.000+0000,8.585768726
WindTurbine-6,76.90341442,6/30/2019,27.94326603,SE,2019-06-30T13:00:00.000+0000,7.690341442
WindTurbine-6,83.18382252,6/30/2019,30.22528583,SE,2019-06-30T13:05:00.000+0000,8.318382252
WindTurbine-6,79.80190209,6/30/2019,28.99644699,NE,2019-06-30T13:10:00.000+0000,7.980190209
WindTurbine-6,77.92959346,6/30/2019,28.31613366,SE,2019-06-30T13:15:00.000+0000,7.792959346
WindTurbine-6,74.03128831,6/30/2019,26.89966368,W,2019-06-30T13:20:00.000+0000,7.403128831
WindTurbine-6,85.87758287,6/30/2019,31.20407802,SW,2019-06-30T13:25:00.000+0000,8.587758287
WindTurbine-6,77.91160432,6/30/2019,28.30959721,E,2019-06-30T13:30:00.000+0000,7.791160432
WindTurbine-6,77.6604296,6/30/2019,28.21833153,SE,2019-06-30T13:35:00.000+0000,7.76604296
WindTurbine-6,77.78038121,6/30/2019,28.26191659,NE,2019-06-30T13:40:00.000+0000,7.778038121
WindTurbine-6,75.00561499,6/30/2019,27.25369048,SE,2019-06-30T13:45:00.000+0000,7.500561499
WindTurbine-6,83.31178605,6/30/2019,30.27178206,W,2019-06-30T13:50:00.000+0000,8.331178605
WindTurbine-6,73.20504434,6/30/2019,26.59944352,N,2019-06-30T13:55:00.000+0000,7.320504434
WindTurbine-6,74.44334728,6/30/2019,27.0493875,W,2019-06-30T14:00:00.000+0000,7.444334728
WindTurbine-6,73.26217064,6/30/2019,26.62020067,N,2019-06-30T14:05:00.000+0000,7.326217064
WindTurbine-6,75.2955443,6/30/2019,27.35903784,NW,2019-06-30T14:10:00.000+0000,7.52955443
WindTurbine-6,80.9479296,6/30/2019,29.4128622,S,2019-06-30T14:15:00.000+0000,8.09479296
WindTurbine-6,83.13533033,6/30/2019,30.20766593,N,2019-06-30T14:20:00.000+0000,8.313533033
WindTurbine-6,83.31090971,6/30/2019,30.27146364,SE,2019-06-30T14:25:00.000+0000,8.331090971
WindTurbine-6,76.5486861,6/30/2019,27.8143736,NE,2019-06-30T14:30:00.000+0000,7.65486861
WindTurbine-6,74.03076915,6/30/2019,26.89947504,SW,2019-06-30T14:35:00.000+0000,7.403076915
WindTurbine-6,81.75199778,6/30/2019,29.70502467,N,2019-06-30T14:40:00.000+0000,8.175199778
WindTurbine-6,83.54749764,6/30/2019,30.35742912,E,2019-06-30T14:45:00.000+0000,8.354749764
WindTurbine-6,83.55844723,6/30/2019,30.36140772,N,2019-06-30T14:50:00.000+0000,8.355844723
WindTurbine-6,87.46406891,6/30/2019,31.7805362,NW,2019-06-30T14:55:00.000+0000,8.746406891
WindTurbine-6,91.82826243,6/30/2019,33.3662892,SW,2019-06-30T15:00:00.000+0000,9.182826243
WindTurbine-6,74.65595877,6/30/2019,27.12664102,S,2019-06-30T15:05:00.000+0000,7.465595877
WindTurbine-6,73.66126894,6/30/2019,26.76521517,SE,2019-06-30T15:10:00.000+0000,7.366126894
WindTurbine-6,83.81039194,6/30/2019,30.45295317,S,2019-06-30T15:15:00.000+0000,8.381039194
WindTurbine-6,75.91652514,6/30/2019,27.58467454,NW,2019-06-30T15:20:00.000+0000,7.591652514
WindTurbine-6,77.1724707,6/30/2019,28.04102906,E,2019-06-30T15:25:00.000+0000,7.71724707
WindTurbine-6,73.9370743,6/30/2019,26.86543052,NW,2019-06-30T15:30:00.000+0000,7.39370743
WindTurbine-6,70.24259557,6/30/2019,25.52302195,SE,2019-06-30T15:35:00.000+0000,7.024259557
WindTurbine-6,70.47628468,6/30/2019,25.60793414,SE,2019-06-30T15:40:00.000+0000,7.047628468
WindTurbine-6,80.78078387,6/30/2019,29.35212891,E,2019-06-30T15:45:00.000+0000,8.078078387
WindTurbine-6,89.28661109,6/30/2019,32.44276662,W,2019-06-30T15:50:00.000+0000,8.928661109
WindTurbine-6,97.46876036,6/30/2019,35.41579422,S,2019-06-30T15:55:00.000+0000,9.746876036
WindTurbine-6,69.04464197,6/30/2019,25.08773912,W,2019-06-30T16:00:00.000+0000,6.904464197
WindTurbine-6,77.66557885,6/30/2019,28.22020254,SW,2019-06-30T16:05:00.000+0000,7.766557885
WindTurbine-6,66.82436713,6/30/2019,24.28099041,NW,2019-06-30T16:10:00.000+0000,6.682436713
WindTurbine-6,88.63857562,6/30/2019,32.20729948,E,2019-06-30T16:15:00.000+0000,8.863857562
WindTurbine-6,68.03623441,6/30/2019,24.72132885,E,2019-06-30T16:20:00.000+0000,6.803623441
WindTurbine-6,85.30369768,6/30/2019,30.99555378,E,2019-06-30T16:25:00.000+0000,8.530369768
WindTurbine-6,72.67183143,6/30/2019,26.40569777,NE,2019-06-30T16:30:00.000+0000,7.267183143
WindTurbine-6,77.37059028,6/30/2019,28.11301687,S,2019-06-30T16:35:00.000+0000,7.737059028
WindTurbine-6,66.40222603,6/30/2019,24.12760319,E,2019-06-30T16:40:00.000+0000,6.640222603
WindTurbine-6,73.27108443,6/30/2019,26.62343954,S,2019-06-30T16:45:00.000+0000,7.327108443
WindTurbine-6,84.99781772,6/30/2019,30.88441066,E,2019-06-30T16:50:00.000+0000,8.499781772
WindTurbine-6,89.83729706,6/30/2019,32.64286131,NW,2019-06-30T16:55:00.000+0000,8.983729706
WindTurbine-6,89.1080426,6/30/2019,32.37788281,S,2019-06-30T17:00:00.000+0000,8.91080426
WindTurbine-6,78.03942965,6/30/2019,28.35604322,W,2019-06-30T17:05:00.000+0000,7.803942965
WindTurbine-6,69.40972013,6/30/2019,25.22039222,NE,2019-06-30T17:10:00.000+0000,6.940972013
WindTurbine-6,71.13330387,6/30/2019,25.84666557,NW,2019-06-30T17:15:00.000+0000,7.113330387
WindTurbine-6,71.7759202,6/30/2019,26.08016364,SE,2019-06-30T17:20:00.000+0000,7.17759202
WindTurbine-6,85.97035041,6/30/2019,31.23778561,NE,2019-06-30T17:25:00.000+0000,8.597035041
WindTurbine-6,78.35667659,6/30/2019,28.47131659,W,2019-06-30T17:30:00.000+0000,7.835667659
WindTurbine-6,78.13637774,6/30/2019,28.39126983,N,2019-06-30T17:35:00.000+0000,7.813637774
WindTurbine-6,81.65609718,6/30/2019,29.67017867,NE,2019-06-30T17:40:00.000+0000,8.165609718
WindTurbine-6,93.53761401,6/30/2019,33.98739122,S,2019-06-30T17:45:00.000+0000,9.353761401
WindTurbine-6,87.95763244,6/30/2019,31.95987514,SW,2019-06-30T17:50:00.000+0000,8.795763244
WindTurbine-6,83.28164875,6/30/2019,30.26083151,W,2019-06-30T17:55:00.000+0000,8.328164875
WindTurbine-6,69.08800543,6/30/2019,25.10349547,NE,2019-06-30T18:00:00.000+0000,6.908800543
WindTurbine-6,77.07166332,6/30/2019,28.00440016,SE,2019-06-30T18:05:00.000+0000,7.707166332
WindTurbine-6,75.37838639,6/30/2019,27.38913895,W,2019-06-30T18:10:00.000+0000,7.537838639
WindTurbine-6,76.50169763,6/30/2019,27.79730009,NE,2019-06-30T18:15:00.000+0000,7.650169763
WindTurbine-6,68.85434976,6/30/2019,25.01859543,S,2019-06-30T18:20:00.000+0000,6.885434976
WindTurbine-6,88.87095334,6/30/2019,32.29173516,SE,2019-06-30T18:25:00.000+0000,8.887095334
WindTurbine-6,85.93051044,6/30/2019,31.22330954,W,2019-06-30T18:30:00.000+0000,8.593051044
WindTurbine-6,82.42153899,6/30/2019,29.94830604,E,2019-06-30T18:35:00.000+0000,8.242153899
WindTurbine-6,70.72616612,6/30/2019,25.69872989,E,2019-06-30T18:40:00.000+0000,7.072616612
WindTurbine-6,68.23585535,6/30/2019,24.79386219,SE,2019-06-30T18:45:00.000+0000,6.823585535
WindTurbine-6,79.47561414,6/30/2019,28.87788852,SE,2019-06-30T18:50:00.000+0000,7.947561414
WindTurbine-6,73.35028997,6/30/2019,26.6522193,SW,2019-06-30T18:55:00.000+0000,7.335028997
WindTurbine-6,78.02877447,6/30/2019,28.35217161,N,2019-06-30T19:00:00.000+0000,7.802877447
WindTurbine-6,71.84602114,6/30/2019,26.10563519,SW,2019-06-30T19:05:00.000+0000,7.184602114
WindTurbine-6,79.77247964,6/30/2019,28.98575619,S,2019-06-30T19:10:00.000+0000,7.977247964
WindTurbine-6,74.0499558,6/30/2019,26.90644661,SW,2019-06-30T19:15:00.000+0000,7.40499558
WindTurbine-6,86.09656083,6/30/2019,31.28364484,NE,2019-06-30T19:20:00.000+0000,8.609656083
WindTurbine-6,84.04152094,6/30/2019,30.53693512,NE,2019-06-30T19:25:00.000+0000,8.404152094
WindTurbine-6,81.42671434,6/30/2019,29.58683119,SE,2019-06-30T19:30:00.000+0000,8.142671434
WindTurbine-6,79.65990362,6/30/2019,28.94485109,NE,2019-06-30T19:35:00.000+0000,7.965990362
WindTurbine-6,69.72837849,6/30/2019,25.33617843,N,2019-06-30T19:40:00.000+0000,6.972837849
WindTurbine-6,82.18802715,6/30/2019,29.86345826,N,2019-06-30T19:45:00.000+0000,8.218802715
WindTurbine-6,77.85905445,6/30/2019,28.29050293,NE,2019-06-30T19:50:00.000+0000,7.785905445
WindTurbine-6,60.34439703,6/30/2019,21.92645869,W,2019-06-30T19:55:00.000+0000,6.034439703
WindTurbine-6,69.46954426,6/30/2019,25.24212963,SE,2019-06-30T20:00:00.000+0000,6.946954426
WindTurbine-6,70.80212241,6/30/2019,25.72632902,E,2019-06-30T20:05:00.000+0000,7.080212241
WindTurbine-6,66.89770751,6/30/2019,24.30763903,NE,2019-06-30T20:10:00.000+0000,6.689770751
WindTurbine-6,88.1577206,6/30/2019,32.03257824,NE,2019-06-30T20:15:00.000+0000,8.81577206
WindTurbine-6,57.03202056,6/30/2019,20.72288902,W,2019-06-30T20:20:00.000+0000,5.703202056
WindTurbine-6,78.37313638,6/30/2019,28.47729735,S,2019-06-30T20:25:00.000+0000,7.837313638
WindTurbine-6,98.13626874,6/30/2019,35.65833696,SE,2019-06-30T20:30:00.000+0000,9.813626874
WindTurbine-6,87.45690048,6/30/2019,31.77793151,W,2019-06-30T20:35:00.000+0000,8.745690048
WindTurbine-6,79.14801873,6/30/2019,28.75885498,NW,2019-06-30T20:40:00.000+0000,7.914801873
WindTurbine-6,77.77334312,6/30/2019,28.25935926,NW,2019-06-30T20:45:00.000+0000,7.777334312
WindTurbine-6,78.20954571,6/30/2019,28.4178558,E,2019-06-30T20:50:00.000+0000,7.820954571
WindTurbine-6,81.71928665,6/30/2019,29.6931389,SE,2019-06-30T20:55:00.000+0000,8.171928665
WindTurbine-6,88.82057333,6/30/2019,32.27342932,NW,2019-06-30T21:00:00.000+0000,8.882057333
WindTurbine-6,80.58836802,6/30/2019,29.28221358,SE,2019-06-30T21:05:00.000+0000,8.058836802
WindTurbine-6,69.73654068,6/30/2019,25.33914421,W,2019-06-30T21:10:00.000+0000,6.973654068
WindTurbine-6,89.40460916,6/30/2019,32.48564185,SW,2019-06-30T21:15:00.000+0000,8.940460916
WindTurbine-6,73.92449946,6/30/2019,26.86086138,E,2019-06-30T21:20:00.000+0000,7.392449946
WindTurbine-6,83.99918466,6/30/2019,30.52155201,E,2019-06-30T21:25:00.000+0000,8.399918466
WindTurbine-6,82.23893985,6/30/2019,29.88195767,SE,2019-06-30T21:30:00.000+0000,8.223893985
WindTurbine-6,77.00289685,6/30/2019,27.9794135,NE,2019-06-30T21:35:00.000+0000,7.700289685
WindTurbine-6,91.51907662,6/30/2019,33.25394489,NW,2019-06-30T21:40:00.000+0000,9.151907662
WindTurbine-6,79.41407338,6/30/2019,28.85552736,E,2019-06-30T21:45:00.000+0000,7.941407338
WindTurbine-6,76.9206863,6/30/2019,27.94954186,S,2019-06-30T21:50:00.000+0000,7.69206863
WindTurbine-6,89.89038134,6/30/2019,32.66214977,S,2019-06-30T21:55:00.000+0000,8.989038134
WindTurbine-6,75.43161499,6/30/2019,27.40847985,S,2019-06-30T22:00:00.000+0000,7.543161499
WindTurbine-6,86.75950982,6/30/2019,31.52453089,NE,2019-06-30T22:05:00.000+0000,8.675950982
WindTurbine-6,79.36387725,6/30/2019,28.83728833,N,2019-06-30T22:10:00.000+0000,7.936387725
WindTurbine-6,71.06486657,6/30/2019,25.82179851,NW,2019-06-30T22:15:00.000+0000,7.106486657
WindTurbine-6,77.43345109,6/30/2019,28.13585768,S,2019-06-30T22:20:00.000+0000,7.743345109
WindTurbine-6,87.57082498,6/30/2019,31.81932658,NE,2019-06-30T22:25:00.000+0000,8.757082498
WindTurbine-6,71.95186247,6/30/2019,26.1440932,SE,2019-06-30T22:30:00.000+0000,7.195186247
WindTurbine-6,77.53257068,6/30/2019,28.17187331,NE,2019-06-30T22:35:00.000+0000,7.753257068
WindTurbine-6,77.63207995,6/30/2019,28.20803054,NE,2019-06-30T22:40:00.000+0000,7.763207995
WindTurbine-6,78.99379097,6/30/2019,28.7028155,N,2019-06-30T22:45:00.000+0000,7.899379097
WindTurbine-6,82.04040191,6/30/2019,29.80981785,NE,2019-06-30T22:50:00.000+0000,8.204040191
WindTurbine-6,75.44056072,6/30/2019,27.41173033,N,2019-06-30T22:55:00.000+0000,7.544056072
WindTurbine-6,70.81375993,6/30/2019,25.73055757,W,2019-06-30T23:00:00.000+0000,7.081375993
WindTurbine-6,78.70377646,6/30/2019,28.59743718,E,2019-06-30T23:05:00.000+0000,7.870377646
WindTurbine-6,81.27005398,6/30/2019,29.52990781,SE,2019-06-30T23:10:00.000+0000,8.127005398
WindTurbine-6,84.01929001,6/30/2019,30.5288574,SE,2019-06-30T23:15:00.000+0000,8.401929001
WindTurbine-6,78.53151774,6/30/2019,28.53484606,E,2019-06-30T23:20:00.000+0000,7.853151774
WindTurbine-6,82.18491951,6/30/2019,29.86232909,S,2019-06-30T23:25:00.000+0000,8.218491951
WindTurbine-6,82.09327964,6/30/2019,29.82903125,SE,2019-06-30T23:30:00.000+0000,8.209327964
WindTurbine-6,87.19752271,6/30/2019,31.68368521,N,2019-06-30T23:35:00.000+0000,8.719752271
WindTurbine-6,73.07458977,6/30/2019,26.55204216,NE,2019-06-30T23:40:00.000+0000,7.307458977
WindTurbine-6,74.55649522,6/30/2019,27.09050041,E,2019-06-30T23:45:00.000+0000,7.455649522
WindTurbine-6,75.96585142,6/30/2019,27.60259751,NW,2019-06-30T23:50:00.000+0000,7.596585142
WindTurbine-6,69.0482122,6/30/2019,25.08903638,S,2019-06-30T23:55:00.000+0000,6.90482122
WindTurbine-6,104.1960954,7/1/2019,37.86020733,SE,2019-07-01T00:00:00.000+0000,10.41960954
WindTurbine-6,70.97707455,7/1/2019,25.78989881,NW,2019-07-01T00:05:00.000+0000,7.097707455
WindTurbine-6,75.6463504,7/1/2019,27.48650511,S,2019-07-01T00:10:00.000+0000,7.56463504
WindTurbine-6,87.44680469,7/1/2019,31.77426315,SE,2019-07-01T00:15:00.000+0000,8.744680469
WindTurbine-6,72.58073387,7/1/2019,26.37259698,N,2019-07-01T00:20:00.000+0000,7.258073387
WindTurbine-6,76.03096856,7/1/2019,27.62625817,SE,2019-07-01T00:25:00.000+0000,7.603096856
WindTurbine-6,77.17222108,7/1/2019,28.04093836,S,2019-07-01T00:30:00.000+0000,7.717222108
WindTurbine-6,73.00255393,7/1/2019,26.52586755,SE,2019-07-01T00:35:00.000+0000,7.300255393
WindTurbine-6,75.06677754,7/1/2019,27.27591422,S,2019-07-01T00:40:00.000+0000,7.506677754
WindTurbine-6,89.04015548,7/1/2019,32.35321566,S,2019-07-01T00:45:00.000+0000,8.904015548
WindTurbine-6,87.52789779,7/1/2019,31.80372876,NW,2019-07-01T00:50:00.000+0000,8.752789779
WindTurbine-6,83.24767828,7/1/2019,30.24848816,NW,2019-07-01T00:55:00.000+0000,8.324767828
WindTurbine-6,79.44894753,7/1/2019,28.86819907,NW,2019-07-01T01:00:00.000+0000,7.944894753
WindTurbine-6,75.09170227,7/1/2019,27.28497075,W,2019-07-01T01:05:00.000+0000,7.509170227
WindTurbine-6,82.14551126,7/1/2019,29.84800989,S,2019-07-01T01:10:00.000+0000,8.214551126
WindTurbine-6,78.80031289,7/1/2019,28.63251421,N,2019-07-01T01:15:00.000+0000,7.880031289
WindTurbine-6,80.64309666,7/1/2019,29.30209953,E,2019-07-01T01:20:00.000+0000,8.064309666
WindTurbine-6,64.12098648,7/1/2019,23.29870262,SW,2019-07-01T01:25:00.000+0000,6.412098648
WindTurbine-6,87.80277422,7/1/2019,31.90360658,NW,2019-07-01T01:30:00.000+0000,8.780277422
WindTurbine-6,75.61167606,7/1/2019,27.473906,SW,2019-07-01T01:35:00.000+0000,7.561167606
WindTurbine-6,70.97133843,7/1/2019,25.78781456,SW,2019-07-01T01:40:00.000+0000,7.097133843
WindTurbine-6,52.96119429,7/1/2019,19.24373258,N,2019-07-01T01:45:00.000+0000,5.296119429
WindTurbine-6,82.81313212,7/1/2019,30.09059349,N,2019-07-01T01:50:00.000+0000,8.281313212
WindTurbine-6,72.49062522,7/1/2019,26.33985553,N,2019-07-01T01:55:00.000+0000,7.249062522
WindTurbine-6,82.27951117,7/1/2019,29.89669947,SE,2019-07-01T02:00:00.000+0000,8.227951117
WindTurbine-6,84.12391993,7/1/2019,30.56687524,SW,2019-07-01T02:05:00.000+0000,8.412391993
WindTurbine-6,65.32691195,7/1/2019,23.73688208,E,2019-07-01T02:10:00.000+0000,6.532691195
WindTurbine-6,77.8990502,7/1/2019,28.3050356,NE,2019-07-01T02:15:00.000+0000,7.78990502
WindTurbine-6,81.49639372,7/1/2019,29.61214957,E,2019-07-01T02:20:00.000+0000,8.149639372
WindTurbine-6,83.59725028,7/1/2019,30.37550701,W,2019-07-01T02:25:00.000+0000,8.359725028
WindTurbine-6,81.77361847,7/1/2019,29.71288066,S,2019-07-01T02:30:00.000+0000,8.177361847
WindTurbine-6,87.74799213,7/1/2019,31.88370121,NW,2019-07-01T02:35:00.000+0000,8.774799213
WindTurbine-6,86.37414036,7/1/2019,31.38450484,NW,2019-07-01T02:40:00.000+0000,8.637414036
WindTurbine-6,71.7097623,7/1/2019,26.05612481,E,2019-07-01T02:45:00.000+0000,7.17097623
WindTurbine-6,79.9044345,7/1/2019,29.03370269,NW,2019-07-01T02:50:00.000+0000,7.99044345
WindTurbine-6,82.38206817,7/1/2019,29.9339641,NE,2019-07-01T02:55:00.000+0000,8.238206817
WindTurbine-6,77.53051231,7/1/2019,28.17112539,NE,2019-07-01T03:00:00.000+0000,7.753051231
WindTurbine-6,81.04773741,7/1/2019,29.4491279,E,2019-07-01T03:05:00.000+0000,8.104773741
WindTurbine-6,77.11500247,7/1/2019,28.02014767,NW,2019-07-01T03:10:00.000+0000,7.711500247
WindTurbine-6,89.19107471,7/1/2019,32.40805297,S,2019-07-01T03:15:00.000+0000,8.919107471
WindTurbine-6,83.64795752,7/1/2019,30.39393175,NE,2019-07-01T03:20:00.000+0000,8.364795752
WindTurbine-6,75.84518114,7/1/2019,27.55875132,NW,2019-07-01T03:25:00.000+0000,7.584518114
WindTurbine-6,82.76899849,7/1/2019,30.0745573,NE,2019-07-01T03:30:00.000+0000,8.276899849
WindTurbine-6,83.77071299,7/1/2019,30.43853561,SE,2019-07-01T03:35:00.000+0000,8.377071299
WindTurbine-6,80.94397389,7/1/2019,29.41142488,E,2019-07-01T03:40:00.000+0000,8.094397389
WindTurbine-6,78.36132793,7/1/2019,28.47300668,SE,2019-07-01T03:45:00.000+0000,7.836132793
WindTurbine-6,90.92217998,7/1/2019,33.03705931,SW,2019-07-01T03:50:00.000+0000,9.092217998
WindTurbine-6,79.1629137,7/1/2019,28.76426715,SW,2019-07-01T03:55:00.000+0000,7.91629137
WindTurbine-6,76.5617975,7/1/2019,27.8191377,SE,2019-07-01T04:00:00.000+0000,7.65617975
WindTurbine-6,95.05348492,7/1/2019,34.538191,SE,2019-07-01T04:05:00.000+0000,9.505348492
WindTurbine-6,76.69432144,7/1/2019,27.86729098,SE,2019-07-01T04:10:00.000+0000,7.669432144
WindTurbine-6,74.06272456,7/1/2019,26.91108621,SW,2019-07-01T04:15:00.000+0000,7.406272456
WindTurbine-6,82.20551209,7/1/2019,29.86981151,SE,2019-07-01T04:20:00.000+0000,8.220551209
WindTurbine-6,75.29873508,7/1/2019,27.36019723,SE,2019-07-01T04:25:00.000+0000,7.529873508
WindTurbine-6,79.97936912,7/1/2019,29.06093058,NW,2019-07-01T04:30:00.000+0000,7.997936912
WindTurbine-6,89.05874349,7/1/2019,32.35996971,E,2019-07-01T04:35:00.000+0000,8.905874349
WindTurbine-6,82.51444363,7/1/2019,29.98206344,W,2019-07-01T04:40:00.000+0000,8.251444363
WindTurbine-6,84.22385355,7/1/2019,30.60318665,NE,2019-07-01T04:45:00.000+0000,8.422385355
WindTurbine-6,70.71613348,7/1/2019,25.69508448,S,2019-07-01T04:50:00.000+0000,7.071613348
WindTurbine-6,82.64136412,7/1/2019,30.02818067,NE,2019-07-01T04:55:00.000+0000,8.264136412
WindTurbine-6,87.48302427,7/1/2019,31.78742373,SE,2019-07-01T05:00:00.000+0000,8.748302427
WindTurbine-6,76.57485202,7/1/2019,27.82388113,E,2019-07-01T05:05:00.000+0000,7.657485202
WindTurbine-6,69.69929816,7/1/2019,25.32561194,NW,2019-07-01T05:10:00.000+0000,6.969929816
WindTurbine-6,82.80167863,7/1/2019,30.08643181,W,2019-07-01T05:15:00.000+0000,8.280167863
WindTurbine-6,68.08773702,7/1/2019,24.7400426,NW,2019-07-01T05:20:00.000+0000,6.808773702
WindTurbine-6,72.79935907,7/1/2019,26.45203562,NW,2019-07-01T05:25:00.000+0000,7.279935907
WindTurbine-6,86.17850742,7/1/2019,31.31342057,E,2019-07-01T05:30:00.000+0000,8.617850742
WindTurbine-6,81.40203584,7/1/2019,29.57786413,N,2019-07-01T05:35:00.000+0000,8.140203584
WindTurbine-6,84.55687947,7/1/2019,30.7241934,NW,2019-07-01T05:40:00.000+0000,8.455687947
WindTurbine-6,79.42612878,7/1/2019,28.85990775,E,2019-07-01T05:45:00.000+0000,7.942612878
WindTurbine-6,80.9336348,7/1/2019,29.40766811,NE,2019-07-01T05:50:00.000+0000,8.09336348
WindTurbine-6,81.82837276,7/1/2019,29.73277592,N,2019-07-01T05:55:00.000+0000,8.182837276
WindTurbine-6,83.53386908,7/1/2019,30.35247711,NW,2019-07-01T06:00:00.000+0000,8.353386908
WindTurbine-6,76.73105774,7/1/2019,27.88063931,SE,2019-07-01T06:05:00.000+0000,7.673105774
WindTurbine-6,97.77937794,7/1/2019,35.52865878,S,2019-07-01T06:10:00.000+0000,9.777937794
WindTurbine-6,80.39278046,7/1/2019,29.2111458,NE,2019-07-01T06:15:00.000+0000,8.039278046
WindTurbine-6,76.25526219,7/1/2019,27.70775646,N,2019-07-01T06:20:00.000+0000,7.625526219
WindTurbine-6,73.98629399,7/1/2019,26.88331475,SE,2019-07-01T06:25:00.000+0000,7.398629399
WindTurbine-6,81.85281703,7/1/2019,29.74165788,E,2019-07-01T06:30:00.000+0000,8.185281703
WindTurbine-6,88.37751371,7/1/2019,32.11244124,NW,2019-07-01T06:35:00.000+0000,8.837751371
WindTurbine-6,78.97370174,7/1/2019,28.69551598,N,2019-07-01T06:40:00.000+0000,7.897370174
WindTurbine-6,76.39765639,7/1/2019,27.75949615,NE,2019-07-01T06:45:00.000+0000,7.639765639
WindTurbine-6,73.8939376,7/1/2019,26.84975657,E,2019-07-01T06:50:00.000+0000,7.38939376
WindTurbine-6,77.43724755,7/1/2019,28.13723715,SE,2019-07-01T06:55:00.000+0000,7.743724755
WindTurbine-6,71.34826249,7/1/2019,25.92477193,E,2019-07-01T07:00:00.000+0000,7.134826249
WindTurbine-6,79.54982722,7/1/2019,28.90485424,NW,2019-07-01T07:05:00.000+0000,7.954982722
WindTurbine-6,84.32470161,7/1/2019,30.63983033,E,2019-07-01T07:10:00.000+0000,8.432470161
WindTurbine-6,71.90549404,7/1/2019,26.12724499,SW,2019-07-01T07:15:00.000+0000,7.190549404
WindTurbine-6,81.12016026,7/1/2019,29.47544313,SE,2019-07-01T07:20:00.000+0000,8.112016026
WindTurbine-6,70.6751191,7/1/2019,25.68018169,E,2019-07-01T07:25:00.000+0000,7.06751191
WindTurbine-6,97.45100345,7/1/2019,35.40934216,SW,2019-07-01T07:30:00.000+0000,9.745100345
WindTurbine-6,81.74921019,7/1/2019,29.70401178,W,2019-07-01T07:35:00.000+0000,8.174921019
WindTurbine-6,78.18146917,7/1/2019,28.40765404,E,2019-07-01T07:40:00.000+0000,7.818146917
WindTurbine-6,83.84666234,7/1/2019,30.46613221,NE,2019-07-01T07:45:00.000+0000,8.384666234
WindTurbine-6,73.41474487,7/1/2019,26.67563933,NE,2019-07-01T07:50:00.000+0000,7.341474487
WindTurbine-6,59.31756546,7/1/2019,21.55335396,SW,2019-07-01T07:55:00.000+0000,5.931756546
WindTurbine-6,86.53769709,7/1/2019,31.44393405,SE,2019-07-01T08:00:00.000+0000,8.653769709
WindTurbine-6,82.40870942,7/1/2019,29.94364435,E,2019-07-01T08:05:00.000+0000,8.240870942
WindTurbine-6,75.5279548,7/1/2019,27.44348544,NW,2019-07-01T08:10:00.000+0000,7.55279548
WindTurbine-6,71.8701304,7/1/2019,26.11439542,E,2019-07-01T08:15:00.000+0000,7.18701304
WindTurbine-6,80.41371714,7/1/2019,29.21875326,NE,2019-07-01T08:20:00.000+0000,8.041371714
WindTurbine-6,79.66335337,7/1/2019,28.94610457,N,2019-07-01T08:25:00.000+0000,7.966335337
WindTurbine-6,84.37357363,7/1/2019,30.65758824,N,2019-07-01T08:30:00.000+0000,8.437357363
WindTurbine-6,73.35328403,7/1/2019,26.6533072,NE,2019-07-01T08:35:00.000+0000,7.335328403
WindTurbine-6,82.3504292,7/1/2019,29.92246792,SE,2019-07-01T08:40:00.000+0000,8.23504292
WindTurbine-6,81.48009085,7/1/2019,29.60622583,SW,2019-07-01T08:45:00.000+0000,8.148009085
WindTurbine-6,70.10802477,7/1/2019,25.47412493,E,2019-07-01T08:50:00.000+0000,7.010802477
WindTurbine-6,70.6507905,7/1/2019,25.67134176,E,2019-07-01T08:55:00.000+0000,7.06507905
WindTurbine-6,86.14088498,7/1/2019,31.29975025,N,2019-07-01T09:00:00.000+0000,8.614088498
WindTurbine-6,69.76343841,7/1/2019,25.34891764,SW,2019-07-01T09:05:00.000+0000,6.976343841
WindTurbine-6,79.46276334,7/1/2019,28.87321912,W,2019-07-01T09:10:00.000+0000,7.946276334
WindTurbine-6,77.79044312,7/1/2019,28.26557264,NE,2019-07-01T09:15:00.000+0000,7.779044312
WindTurbine-6,79.25020871,7/1/2019,28.79598626,NW,2019-07-01T09:20:00.000+0000,7.925020871
WindTurbine-6,79.09391822,7/1/2019,28.73919728,S,2019-07-01T09:25:00.000+0000,7.909391822
WindTurbine-6,98.21209922,7/1/2019,35.68589037,N,2019-07-01T09:30:00.000+0000,9.821209922
WindTurbine-6,73.83357419,7/1/2019,26.8278232,NE,2019-07-01T09:35:00.000+0000,7.383357419
WindTurbine-6,74.78619421,7/1/2019,27.17396277,SE,2019-07-01T09:40:00.000+0000,7.478619421
WindTurbine-6,75.53333396,7/1/2019,27.44543998,E,2019-07-01T09:45:00.000+0000,7.553333396
WindTurbine-6,77.83932949,7/1/2019,28.28333576,E,2019-07-01T09:50:00.000+0000,7.783932949
WindTurbine-6,74.19169329,7/1/2019,26.95794768,S,2019-07-01T09:55:00.000+0000,7.419169329
WindTurbine-6,82.65374344,7/1/2019,30.03267877,SW,2019-07-01T10:00:00.000+0000,8.265374344
WindTurbine-6,77.23846213,7/1/2019,28.0650074,W,2019-07-01T10:05:00.000+0000,7.723846213
WindTurbine-6,82.68889127,7/1/2019,30.04544992,NW,2019-07-01T10:10:00.000+0000,8.268889127
WindTurbine-6,81.6487495,7/1/2019,29.66750885,SW,2019-07-01T10:15:00.000+0000,8.16487495
WindTurbine-6,82.14799477,7/1/2019,29.84891229,E,2019-07-01T10:20:00.000+0000,8.214799477
WindTurbine-6,84.20406137,7/1/2019,30.59599506,NE,2019-07-01T10:25:00.000+0000,8.420406137
WindTurbine-6,71.00981657,7/1/2019,25.8017958,NE,2019-07-01T10:30:00.000+0000,7.100981657
WindTurbine-6,77.05705565,7/1/2019,27.99909239,W,2019-07-01T10:35:00.000+0000,7.705705565
WindTurbine-6,75.96676047,7/1/2019,27.60292782,S,2019-07-01T10:40:00.000+0000,7.596676047
WindTurbine-6,74.08963359,7/1/2019,26.92086375,NE,2019-07-01T10:45:00.000+0000,7.408963359
WindTurbine-6,73.12152185,7/1/2019,26.56909518,NE,2019-07-01T10:50:00.000+0000,7.312152185
WindTurbine-6,72.24715017,7/1/2019,26.25138756,N,2019-07-01T10:55:00.000+0000,7.224715017
WindTurbine-6,79.43216061,7/1/2019,28.86209945,SE,2019-07-01T11:00:00.000+0000,7.943216061
WindTurbine-6,87.19908997,7/1/2019,31.68425468,E,2019-07-01T11:05:00.000+0000,8.719908997
WindTurbine-6,76.84373575,7/1/2019,27.92158146,N,2019-07-01T11:10:00.000+0000,7.684373575
WindTurbine-6,72.13364247,7/1/2019,26.21014393,E,2019-07-01T11:15:00.000+0000,7.213364247
WindTurbine-6,85.60562323,7/1/2019,31.10526004,SW,2019-07-01T11:20:00.000+0000,8.560562323
WindTurbine-6,64.48444264,7/1/2019,23.43076636,E,2019-07-01T11:25:00.000+0000,6.448444264
WindTurbine-6,85.09583874,7/1/2019,30.92002712,N,2019-07-01T11:30:00.000+0000,8.509583874
WindTurbine-6,87.30620037,7/1/2019,31.72317382,NE,2019-07-01T11:35:00.000+0000,8.730620037
WindTurbine-6,74.29774748,7/1/2019,26.99648304,E,2019-07-01T11:40:00.000+0000,7.429774748
WindTurbine-6,87.66495131,7/1/2019,31.85352789,SE,2019-07-01T11:45:00.000+0000,8.766495131
WindTurbine-6,74.53327859,7/1/2019,27.08206453,N,2019-07-01T11:50:00.000+0000,7.453327859
WindTurbine-6,87.84360967,7/1/2019,31.91844436,W,2019-07-01T11:55:00.000+0000,8.784360967
WindTurbine-6,77.22074051,7/1/2019,28.05856816,SW,2019-07-01T12:00:00.000+0000,7.722074051
WindTurbine-6,74.67096099,7/1/2019,27.13209216,E,2019-07-01T12:05:00.000+0000,7.467096099
WindTurbine-6,81.12728329,7/1/2019,29.47803132,E,2019-07-01T12:10:00.000+0000,8.112728329
WindTurbine-6,87.74272353,7/1/2019,31.88178684,SW,2019-07-01T12:15:00.000+0000,8.774272353
WindTurbine-6,85.437751,7/1/2019,31.04426277,W,2019-07-01T12:20:00.000+0000,8.5437751
WindTurbine-6,82.51041985,7/1/2019,29.98060137,E,2019-07-01T12:25:00.000+0000,8.251041985
WindTurbine-6,80.66529136,7/1/2019,29.31016409,N,2019-07-01T12:30:00.000+0000,8.066529136
WindTurbine-6,77.8464364,7/1/2019,28.2859181,S,2019-07-01T12:35:00.000+0000,7.78464364
WindTurbine-6,95.10512382,7/1/2019,34.55695427,SW,2019-07-01T12:40:00.000+0000,9.510512382
WindTurbine-6,78.96202272,7/1/2019,28.69127234,N,2019-07-01T12:45:00.000+0000,7.896202272
WindTurbine-6,91.02780501,7/1/2019,33.07543873,SE,2019-07-01T12:50:00.000+0000,9.102780501
WindTurbine-6,82.51232254,7/1/2019,29.98129273,S,2019-07-01T12:55:00.000+0000,8.251232254
WindTurbine-6,86.85704537,7/1/2019,31.55997095,SE,2019-07-01T13:00:00.000+0000,8.685704537
WindTurbine-6,73.62443616,7/1/2019,26.75183178,NW,2019-07-01T13:05:00.000+0000,7.362443616
WindTurbine-6,73.5631734,7/1/2019,26.72957163,N,2019-07-01T13:10:00.000+0000,7.35631734
WindTurbine-6,72.26120141,7/1/2019,26.25649316,S,2019-07-01T13:15:00.000+0000,7.226120141
WindTurbine-6,64.69857954,7/1/2019,23.50857414,S,2019-07-01T13:20:00.000+0000,6.469857954
WindTurbine-6,83.54100177,7/1/2019,30.35506881,SE,2019-07-01T13:25:00.000+0000,8.354100177
WindTurbine-6,79.15587354,7/1/2019,28.76170907,NW,2019-07-01T13:30:00.000+0000,7.915587354
WindTurbine-6,83.2724311,7/1/2019,30.25748223,SE,2019-07-01T13:35:00.000+0000,8.32724311
WindTurbine-6,85.79657581,7/1/2019,31.17464368,E,2019-07-01T13:40:00.000+0000,8.579657581
WindTurbine-6,78.4053515,7/1/2019,28.48900288,SE,2019-07-01T13:45:00.000+0000,7.84053515
WindTurbine-6,73.16429427,7/1/2019,26.58463677,SE,2019-07-01T13:50:00.000+0000,7.316429427
WindTurbine-6,75.66632442,7/1/2019,27.49376278,N,2019-07-01T13:55:00.000+0000,7.566632442
WindTurbine-6,84.40384232,7/1/2019,30.66858653,S,2019-07-01T14:00:00.000+0000,8.440384232
WindTurbine-6,80.67903364,7/1/2019,29.31515742,E,2019-07-01T14:05:00.000+0000,8.067903364
WindTurbine-6,83.70583157,7/1/2019,30.4149606,NW,2019-07-01T14:10:00.000+0000,8.370583157
WindTurbine-6,81.17876527,7/1/2019,29.49673758,SE,2019-07-01T14:15:00.000+0000,8.117876527
WindTurbine-6,87.86196485,7/1/2019,31.92511381,S,2019-07-01T14:20:00.000+0000,8.786196485
WindTurbine-6,94.61963454,7/1/2019,34.38054915,NW,2019-07-01T14:25:00.000+0000,9.461963454
WindTurbine-6,75.29520339,7/1/2019,27.35891397,SE,2019-07-01T14:30:00.000+0000,7.529520339
WindTurbine-6,82.84750394,7/1/2019,30.10308268,SE,2019-07-01T14:35:00.000+0000,8.284750394
WindTurbine-6,72.92220885,7/1/2019,26.49667374,SE,2019-07-01T14:40:00.000+0000,7.292220885
WindTurbine-6,70.45535186,7/1/2019,25.60032809,N,2019-07-01T14:45:00.000+0000,7.045535186
WindTurbine-6,72.83208066,7/1/2019,26.46392518,E,2019-07-01T14:50:00.000+0000,7.283208066
WindTurbine-6,85.43373489,7/1/2019,31.0428035,NW,2019-07-01T14:55:00.000+0000,8.543373489
WindTurbine-6,84.23646171,7/1/2019,30.6077679,NW,2019-07-01T15:00:00.000+0000,8.423646171
WindTurbine-6,70.76560006,7/1/2019,25.71305842,NW,2019-07-01T15:05:00.000+0000,7.076560006
WindTurbine-6,77.89283454,7/1/2019,28.30277711,NE,2019-07-01T15:10:00.000+0000,7.789283454
WindTurbine-6,75.27902211,7/1/2019,27.35303441,W,2019-07-01T15:15:00.000+0000,7.527902211
WindTurbine-6,83.81844793,7/1/2019,30.45588036,E,2019-07-01T15:20:00.000+0000,8.381844793
WindTurbine-6,95.02302826,7/1/2019,34.52712441,S,2019-07-01T15:25:00.000+0000,9.502302826
WindTurbine-6,91.65573526,7/1/2019,33.30360053,NW,2019-07-01T15:30:00.000+0000,9.165573526
WindTurbine-6,75.168848,7/1/2019,27.31300206,SE,2019-07-01T15:35:00.000+0000,7.5168848
WindTurbine-6,80.81348081,7/1/2019,29.36400952,NE,2019-07-01T15:40:00.000+0000,8.081348081
WindTurbine-6,69.22340978,7/1/2019,25.15269536,SW,2019-07-01T15:45:00.000+0000,6.922340978
WindTurbine-6,72.24060218,7/1/2019,26.24900832,NW,2019-07-01T15:50:00.000+0000,7.224060218
WindTurbine-6,70.91890166,7/1/2019,25.76876138,NW,2019-07-01T15:55:00.000+0000,7.091890166
WindTurbine-6,80.12593434,7/1/2019,29.11418584,S,2019-07-01T16:00:00.000+0000,8.012593434
WindTurbine-6,59.30193877,7/1/2019,21.54767592,E,2019-07-01T16:05:00.000+0000,5.930193877
WindTurbine-6,75.2268546,7/1/2019,27.33407907,NE,2019-07-01T16:10:00.000+0000,7.52268546
WindTurbine-6,69.95838809,7/1/2019,25.41975365,NE,2019-07-01T16:15:00.000+0000,6.995838809
WindTurbine-6,82.64192151,7/1/2019,30.0283832,N,2019-07-01T16:20:00.000+0000,8.264192151
WindTurbine-6,88.80284929,7/1/2019,32.26698919,NE,2019-07-01T16:25:00.000+0000,8.880284929
WindTurbine-6,77.75994642,7/1/2019,28.2544915,NW,2019-07-01T16:30:00.000+0000,7.775994642
WindTurbine-6,90.50322904,7/1/2019,32.88483125,NE,2019-07-01T16:35:00.000+0000,9.050322904
WindTurbine-6,87.05514813,7/1/2019,31.63195265,SE,2019-07-01T16:40:00.000+0000,8.705514813
WindTurbine-6,76.71459683,7/1/2019,27.87465815,S,2019-07-01T16:45:00.000+0000,7.671459683
WindTurbine-6,72.62816308,7/1/2019,26.38983064,S,2019-07-01T16:50:00.000+0000,7.262816308
WindTurbine-6,82.52030191,7/1/2019,29.98419207,SE,2019-07-01T16:55:00.000+0000,8.252030191
WindTurbine-6,75.07814278,7/1/2019,27.28004384,E,2019-07-01T17:00:00.000+0000,7.507814278
WindTurbine-6,72.18733019,7/1/2019,26.22965166,W,2019-07-01T17:05:00.000+0000,7.218733019
WindTurbine-6,73.87556618,7/1/2019,26.84308121,SE,2019-07-01T17:10:00.000+0000,7.387556618
WindTurbine-6,83.18004173,7/1/2019,30.22391206,S,2019-07-01T17:15:00.000+0000,8.318004173
WindTurbine-6,86.59377235,7/1/2019,31.4643093,SE,2019-07-01T17:20:00.000+0000,8.659377235
WindTurbine-6,82.57895751,7/1/2019,30.0055049,NW,2019-07-01T17:25:00.000+0000,8.257895751
WindTurbine-6,80.75352493,7/1/2019,29.34222423,N,2019-07-01T17:30:00.000+0000,8.075352493
WindTurbine-6,70.082424,7/1/2019,25.46482276,SW,2019-07-01T17:35:00.000+0000,7.0082424
WindTurbine-6,87.52528837,7/1/2019,31.80278061,W,2019-07-01T17:40:00.000+0000,8.752528837
WindTurbine-6,63.95534348,7/1/2019,23.23851536,W,2019-07-01T17:45:00.000+0000,6.395534348
WindTurbine-6,86.30914874,7/1/2019,31.36088979,E,2019-07-01T17:50:00.000+0000,8.630914874
WindTurbine-6,74.60723469,7/1/2019,27.10893687,N,2019-07-01T17:55:00.000+0000,7.460723469
WindTurbine-6,79.1355552,7/1/2019,28.75432629,W,2019-07-01T18:00:00.000+0000,7.91355552
WindTurbine-6,75.29246464,7/1/2019,27.35791883,E,2019-07-01T18:05:00.000+0000,7.529246464
WindTurbine-6,84.49008925,7/1/2019,30.69992481,NW,2019-07-01T18:10:00.000+0000,8.449008925
WindTurbine-6,72.66686907,7/1/2019,26.40389467,S,2019-07-01T18:15:00.000+0000,7.266686907
WindTurbine-6,75.79829069,7/1/2019,27.54171342,NE,2019-07-01T18:20:00.000+0000,7.579829069
WindTurbine-6,89.18733895,7/1/2019,32.40669556,N,2019-07-01T18:25:00.000+0000,8.918733895
WindTurbine-6,70.58329737,7/1/2019,25.64681777,SE,2019-07-01T18:30:00.000+0000,7.058329737
WindTurbine-6,70.35043075,7/1/2019,25.56220444,W,2019-07-01T18:35:00.000+0000,7.035043075
WindTurbine-6,74.643034,7/1/2019,27.12194474,S,2019-07-01T18:40:00.000+0000,7.4643034
WindTurbine-6,79.50402065,7/1/2019,28.88821018,NW,2019-07-01T18:45:00.000+0000,7.950402065
WindTurbine-6,77.3201483,7/1/2019,28.09468851,NW,2019-07-01T18:50:00.000+0000,7.73201483
WindTurbine-6,84.89447315,7/1/2019,30.84685986,S,2019-07-01T18:55:00.000+0000,8.489447315
WindTurbine-6,86.08260827,7/1/2019,31.2785751,NW,2019-07-01T19:00:00.000+0000,8.608260827
WindTurbine-6,75.77561074,7/1/2019,27.53347254,N,2019-07-01T19:05:00.000+0000,7.577561074
WindTurbine-6,77.39838321,7/1/2019,28.12311558,N,2019-07-01T19:10:00.000+0000,7.739838321
WindTurbine-6,70.49954282,7/1/2019,25.61638511,NE,2019-07-01T19:15:00.000+0000,7.049954282
WindTurbine-6,74.68284838,7/1/2019,27.13641151,S,2019-07-01T19:20:00.000+0000,7.468284838
WindTurbine-6,76.77083218,7/1/2019,27.89509156,W,2019-07-01T19:25:00.000+0000,7.677083218
WindTurbine-6,74.37364224,7/1/2019,27.02405981,SE,2019-07-01T19:30:00.000+0000,7.437364224
WindTurbine-6,63.72785398,7/1/2019,23.15585583,NW,2019-07-01T19:35:00.000+0000,6.372785398
WindTurbine-6,88.06545908,7/1/2019,31.99905452,SW,2019-07-01T19:40:00.000+0000,8.806545908
WindTurbine-6,89.30500616,7/1/2019,32.44945057,N,2019-07-01T19:45:00.000+0000,8.930500616
WindTurbine-6,71.61314267,7/1/2019,26.02101756,NW,2019-07-01T19:50:00.000+0000,7.161314267
WindTurbine-6,76.73511701,7/1/2019,27.88211426,SE,2019-07-01T19:55:00.000+0000,7.673511701
WindTurbine-6,85.64291164,7/1/2019,31.11880898,SE,2019-07-01T20:00:00.000+0000,8.564291164
WindTurbine-6,93.15291018,7/1/2019,33.84760703,W,2019-07-01T20:05:00.000+0000,9.315291018
WindTurbine-6,84.94566162,7/1/2019,30.86545947,SW,2019-07-01T20:10:00.000+0000,8.494566162
WindTurbine-6,72.16845756,7/1/2019,26.22279418,NW,2019-07-01T20:15:00.000+0000,7.216845756
WindTurbine-6,89.36782065,7/1/2019,32.47227455,SE,2019-07-01T20:20:00.000+0000,8.936782065
WindTurbine-6,87.39007348,7/1/2019,31.75364956,N,2019-07-01T20:25:00.000+0000,8.739007348
WindTurbine-6,89.42597394,7/1/2019,32.49340486,W,2019-07-01T20:30:00.000+0000,8.942597394
WindTurbine-6,67.76957116,7/1/2019,24.62443534,W,2019-07-01T20:35:00.000+0000,6.776957116
WindTurbine-6,79.4698856,7/1/2019,28.87580703,NE,2019-07-01T20:40:00.000+0000,7.94698856
WindTurbine-6,95.67881177,7/1/2019,34.76540685,SW,2019-07-01T20:45:00.000+0000,9.567881177
WindTurbine-6,75.32389782,7/1/2019,27.36934024,N,2019-07-01T20:50:00.000+0000,7.532389782
WindTurbine-6,79.28214473,7/1/2019,28.80759038,N,2019-07-01T20:55:00.000+0000,7.928214473
WindTurbine-6,86.45205669,7/1/2019,31.41281615,E,2019-07-01T21:00:00.000+0000,8.645205669
WindTurbine-6,75.72772654,7/1/2019,27.51607356,N,2019-07-01T21:05:00.000+0000,7.572772654
WindTurbine-6,82.75514203,7/1/2019,30.06952248,SE,2019-07-01T21:10:00.000+0000,8.275514203
WindTurbine-6,95.10193406,7/1/2019,34.55579526,SW,2019-07-01T21:15:00.000+0000,9.510193406
WindTurbine-6,79.87280073,7/1/2019,29.02220839,NE,2019-07-01T21:20:00.000+0000,7.987280073
WindTurbine-6,78.59319182,7/1/2019,28.55725566,NW,2019-07-01T21:25:00.000+0000,7.859319182
WindTurbine-6,83.50948885,7/1/2019,30.34361843,S,2019-07-01T21:30:00.000+0000,8.350948885
WindTurbine-6,77.0536296,7/1/2019,27.99784751,NW,2019-07-01T21:35:00.000+0000,7.70536296
WindTurbine-6,89.5090494,7/1/2019,32.52359077,NW,2019-07-01T21:40:00.000+0000,8.95090494
WindTurbine-6,82.64189667,7/1/2019,30.02837418,N,2019-07-01T21:45:00.000+0000,8.264189667
WindTurbine-6,78.04108699,7/1/2019,28.35664543,E,2019-07-01T21:50:00.000+0000,7.804108699
WindTurbine-6,81.25847381,7/1/2019,29.5257001,E,2019-07-01T21:55:00.000+0000,8.125847381
WindTurbine-6,71.82951347,7/1/2019,26.09963704,SE,2019-07-01T22:00:00.000+0000,7.182951347
WindTurbine-6,76.67086116,7/1/2019,27.85876656,W,2019-07-01T22:05:00.000+0000,7.667086116
WindTurbine-6,94.16300634,7/1/2019,34.21463086,NW,2019-07-01T22:10:00.000+0000,9.416300634
WindTurbine-6,88.15635924,7/1/2019,32.03208358,N,2019-07-01T22:15:00.000+0000,8.815635924
WindTurbine-6,91.53822744,7/1/2019,33.26090344,SE,2019-07-01T22:20:00.000+0000,9.153822744
WindTurbine-6,72.04127813,7/1/2019,26.17658286,S,2019-07-01T22:25:00.000+0000,7.204127813
WindTurbine-6,72.4487146,7/1/2019,26.32462708,NW,2019-07-01T22:30:00.000+0000,7.24487146
WindTurbine-6,74.63964375,7/1/2019,27.12071287,S,2019-07-01T22:35:00.000+0000,7.463964375
WindTurbine-6,69.96171819,7/1/2019,25.42096366,SW,2019-07-01T22:40:00.000+0000,6.996171819
WindTurbine-6,93.26803774,7/1/2019,33.88943924,N,2019-07-01T22:45:00.000+0000,9.326803774
WindTurbine-6,78.62377699,7/1/2019,28.56836895,NW,2019-07-01T22:50:00.000+0000,7.862377699
WindTurbine-6,64.06671317,7/1/2019,23.27898212,E,2019-07-01T22:55:00.000+0000,6.406671317
WindTurbine-6,69.16193536,7/1/2019,25.1303583,SW,2019-07-01T23:00:00.000+0000,6.916193536
WindTurbine-6,92.39544659,7/1/2019,33.57237859,SE,2019-07-01T23:05:00.000+0000,9.239544659
WindTurbine-6,84.19642036,7/1/2019,30.59321866,SW,2019-07-01T23:10:00.000+0000,8.419642036
WindTurbine-6,75.26471733,7/1/2019,27.3478367,NW,2019-07-01T23:15:00.000+0000,7.526471733
WindTurbine-6,76.8158281,7/1/2019,27.91144107,NW,2019-07-01T23:20:00.000+0000,7.68158281
WindTurbine-6,74.22938256,7/1/2019,26.97164228,SW,2019-07-01T23:25:00.000+0000,7.422938256
WindTurbine-6,73.38596704,7/1/2019,26.66518275,NE,2019-07-01T23:30:00.000+0000,7.338596704
WindTurbine-6,71.77014949,7/1/2019,26.07806682,NE,2019-07-01T23:35:00.000+0000,7.177014949
WindTurbine-6,73.94565945,7/1/2019,26.86854998,W,2019-07-01T23:40:00.000+0000,7.394565945
WindTurbine-6,76.50294736,7/1/2019,27.79775418,NW,2019-07-01T23:45:00.000+0000,7.650294736
WindTurbine-6,77.22392085,7/1/2019,28.05972375,SW,2019-07-01T23:50:00.000+0000,7.722392085
WindTurbine-6,68.57872147,7/1/2019,24.91844442,N,2019-07-01T23:55:00.000+0000,6.857872147
WindTurbine-6,83.89988474,7/2/2019,30.48547086,E,2019-07-02T00:00:00.000+0000,8.389988474
WindTurbine-6,85.92614502,7/2/2019,31.22172334,W,2019-07-02T00:05:00.000+0000,8.592614502
WindTurbine-6,82.83471007,7/2/2019,30.09843396,N,2019-07-02T00:10:00.000+0000,8.283471007
WindTurbine-6,90.92884259,7/2/2019,33.0394802,NW,2019-07-02T00:15:00.000+0000,9.092884259
WindTurbine-6,76.71403547,7/2/2019,27.87445418,W,2019-07-02T00:20:00.000+0000,7.671403547
WindTurbine-6,80.15342806,7/2/2019,29.12417583,SW,2019-07-02T00:25:00.000+0000,8.015342806
WindTurbine-6,74.80991455,7/2/2019,27.18258168,NW,2019-07-02T00:30:00.000+0000,7.480991455
WindTurbine-6,92.03941783,7/2/2019,33.44301364,E,2019-07-02T00:35:00.000+0000,9.203941783
WindTurbine-6,89.39253016,7/2/2019,32.48125288,E,2019-07-02T00:40:00.000+0000,8.939253016
WindTurbine-6,74.94046647,7/2/2019,27.23001842,E,2019-07-02T00:45:00.000+0000,7.494046647
WindTurbine-6,74.25924372,7/2/2019,26.98249249,E,2019-07-02T00:50:00.000+0000,7.425924372
WindTurbine-6,87.33935002,7/2/2019,31.73521892,SW,2019-07-02T00:55:00.000+0000,8.733935002
WindTurbine-6,83.02140497,7/2/2019,30.16627054,E,2019-07-02T01:00:00.000+0000,8.302140497
WindTurbine-6,92.16457343,7/2/2019,33.4884896,E,2019-07-02T01:05:00.000+0000,9.216457343
WindTurbine-6,78.8827158,7/2/2019,28.66245575,E,2019-07-02T01:10:00.000+0000,7.88827158
WindTurbine-6,64.34106535,7/2/2019,23.37866946,N,2019-07-02T01:15:00.000+0000,6.434106535
WindTurbine-6,83.32524519,7/2/2019,30.27667251,NE,2019-07-02T01:20:00.000+0000,8.332524519
WindTurbine-6,85.35410165,7/2/2019,31.01386833,SW,2019-07-02T01:25:00.000+0000,8.535410165
WindTurbine-6,75.8194422,7/2/2019,27.54939894,S,2019-07-02T01:30:00.000+0000,7.58194422
WindTurbine-6,86.98685793,7/2/2019,31.60713904,S,2019-07-02T01:35:00.000+0000,8.698685793
WindTurbine-6,86.04525622,7/2/2019,31.26500303,E,2019-07-02T01:40:00.000+0000,8.604525622
WindTurbine-6,72.2051883,7/2/2019,26.2361405,SW,2019-07-02T01:45:00.000+0000,7.22051883
WindTurbine-6,84.85558583,7/2/2019,30.83272995,SW,2019-07-02T01:50:00.000+0000,8.485558583
WindTurbine-6,89.12508204,7/2/2019,32.38407418,SE,2019-07-02T01:55:00.000+0000,8.912508204
WindTurbine-6,71.85419338,7/2/2019,26.10860462,E,2019-07-02T02:00:00.000+0000,7.185419338
WindTurbine-6,82.45810476,7/2/2019,29.9615924,W,2019-07-02T02:05:00.000+0000,8.245810476
WindTurbine-6,76.8248553,7/2/2019,27.91472115,SE,2019-07-02T02:10:00.000+0000,7.68248553
WindTurbine-6,67.85247596,7/2/2019,24.65455924,NW,2019-07-02T02:15:00.000+0000,6.785247596
WindTurbine-6,70.85961227,7/2/2019,25.74721826,N,2019-07-02T02:20:00.000+0000,7.085961227
WindTurbine-6,93.68007361,7/2/2019,34.03915467,N,2019-07-02T02:25:00.000+0000,9.368007361
WindTurbine-6,79.01069598,7/2/2019,28.70895803,E,2019-07-02T02:30:00.000+0000,7.901069598
WindTurbine-6,78.56854254,7/2/2019,28.54829922,W,2019-07-02T02:35:00.000+0000,7.856854254
WindTurbine-6,91.55735656,7/2/2019,33.26785411,N,2019-07-02T02:40:00.000+0000,9.155735656
WindTurbine-6,95.73123659,7/2/2019,34.78445569,NW,2019-07-02T02:45:00.000+0000,9.573123659
WindTurbine-6,89.08948513,7/2/2019,32.37113985,NW,2019-07-02T02:50:00.000+0000,8.908948513
WindTurbine-6,87.41005296,7/2/2019,31.76090921,W,2019-07-02T02:55:00.000+0000,8.741005296
WindTurbine-6,69.59747507,7/2/2019,25.28861398,S,2019-07-02T03:00:00.000+0000,6.959747507
WindTurbine-6,84.31372001,7/2/2019,30.63584011,SE,2019-07-02T03:05:00.000+0000,8.431372001
WindTurbine-6,81.34784351,7/2/2019,29.55817306,S,2019-07-02T03:10:00.000+0000,8.134784351
WindTurbine-6,90.1424697,7/2/2019,32.75374741,W,2019-07-02T03:15:00.000+0000,9.01424697
WindTurbine-6,89.72822149,7/2/2019,32.60322812,NW,2019-07-02T03:20:00.000+0000,8.972822149
WindTurbine-6,76.83340336,7/2/2019,27.91782714,NW,2019-07-02T03:25:00.000+0000,7.683340336
WindTurbine-6,91.95690236,7/2/2019,33.4130312,NE,2019-07-02T03:30:00.000+0000,9.195690236
WindTurbine-6,83.37522413,7/2/2019,30.29483262,N,2019-07-02T03:35:00.000+0000,8.337522413
WindTurbine-6,82.30131764,7/2/2019,29.90462297,N,2019-07-02T03:40:00.000+0000,8.230131764
WindTurbine-6,77.73648474,7/2/2019,28.24596658,SW,2019-07-02T03:45:00.000+0000,7.773648474
WindTurbine-6,67.5399241,7/2/2019,24.54099185,W,2019-07-02T03:50:00.000+0000,6.75399241
WindTurbine-6,76.15542269,7/2/2019,27.67147924,SW,2019-07-02T03:55:00.000+0000,7.615542269
WindTurbine-6,89.63875942,7/2/2019,32.5707216,SW,2019-07-02T04:00:00.000+0000,8.963875942
WindTurbine-6,89.04247222,7/2/2019,32.35405746,N,2019-07-02T04:05:00.000+0000,8.904247222
WindTurbine-6,82.70869204,7/2/2019,30.05264463,W,2019-07-02T04:10:00.000+0000,8.270869204
WindTurbine-6,79.0892423,7/2/2019,28.73749825,SW,2019-07-02T04:15:00.000+0000,7.90892423
WindTurbine-6,86.12678988,7/2/2019,31.29462872,NE,2019-07-02T04:20:00.000+0000,8.612678988
WindTurbine-6,80.53148009,7/2/2019,29.26154305,SE,2019-07-02T04:25:00.000+0000,8.053148009
WindTurbine-6,79.29656835,7/2/2019,28.81283128,NW,2019-07-02T04:30:00.000+0000,7.929656835
WindTurbine-6,94.11864781,7/2/2019,34.19851295,NW,2019-07-02T04:35:00.000+0000,9.411864781
WindTurbine-6,69.21623579,7/2/2019,25.15008865,NE,2019-07-02T04:40:00.000+0000,6.921623579
WindTurbine-6,73.39495922,7/2/2019,26.66845011,N,2019-07-02T04:45:00.000+0000,7.339495922
WindTurbine-6,79.99739332,7/2/2019,29.06747977,NW,2019-07-02T04:50:00.000+0000,7.999739332
WindTurbine-6,86.36624981,7/2/2019,31.38163776,W,2019-07-02T04:55:00.000+0000,8.636624981
WindTurbine-6,83.86939725,7/2/2019,30.47439306,NE,2019-07-02T05:00:00.000+0000,8.386939725
WindTurbine-6,77.55303565,7/2/2019,28.17930937,NE,2019-07-02T05:05:00.000+0000,7.755303565
WindTurbine-6,80.18375163,7/2/2019,29.13519406,E,2019-07-02T05:10:00.000+0000,8.018375163
WindTurbine-6,74.02441224,7/2/2019,26.89716522,S,2019-07-02T05:15:00.000+0000,7.402441224
WindTurbine-6,77.34196769,7/2/2019,28.1026167,E,2019-07-02T05:20:00.000+0000,7.734196769
WindTurbine-6,85.32962959,7/2/2019,31.00497628,NE,2019-07-02T05:25:00.000+0000,8.532962959
WindTurbine-6,83.14966266,7/2/2019,30.21287366,NE,2019-07-02T05:30:00.000+0000,8.314966266
WindTurbine-6,76.02779145,7/2/2019,27.62510375,NW,2019-07-02T05:35:00.000+0000,7.602779145
WindTurbine-6,75.21148739,7/2/2019,27.32849531,NE,2019-07-02T05:40:00.000+0000,7.521148739
WindTurbine-6,92.93060806,7/2/2019,33.76683237,S,2019-07-02T05:45:00.000+0000,9.293060806
WindTurbine-6,85.49239212,7/2/2019,31.06411691,NE,2019-07-02T05:50:00.000+0000,8.549239212
WindTurbine-6,85.43528361,7/2/2019,31.04336623,E,2019-07-02T05:55:00.000+0000,8.543528361
WindTurbine-6,90.7913712,7/2/2019,32.98952924,SW,2019-07-02T06:00:00.000+0000,9.07913712
WindTurbine-6,74.52206196,7/2/2019,27.07798891,SW,2019-07-02T06:05:00.000+0000,7.452206196
WindTurbine-6,78.24876117,7/2/2019,28.43210495,W,2019-07-02T06:10:00.000+0000,7.824876117
WindTurbine-6,78.62748119,7/2/2019,28.56971489,SE,2019-07-02T06:15:00.000+0000,7.862748119
WindTurbine-6,81.34283455,7/2/2019,29.55635302,E,2019-07-02T06:20:00.000+0000,8.134283455
WindTurbine-6,76.65211095,7/2/2019,27.85195357,NW,2019-07-02T06:25:00.000+0000,7.665211095
WindTurbine-6,73.26382726,7/2/2019,26.62080261,E,2019-07-02T06:30:00.000+0000,7.326382726
WindTurbine-6,71.68357173,7/2/2019,26.04660833,SE,2019-07-02T06:35:00.000+0000,7.168357173
WindTurbine-6,88.81456392,7/2/2019,32.27124576,W,2019-07-02T06:40:00.000+0000,8.881456392
WindTurbine-6,90.04284617,7/2/2019,32.71754867,SW,2019-07-02T06:45:00.000+0000,9.004284617
WindTurbine-6,74.26655241,7/2/2019,26.98514815,NE,2019-07-02T06:50:00.000+0000,7.426655241
WindTurbine-6,83.18930723,7/2/2019,30.22727873,N,2019-07-02T06:55:00.000+0000,8.318930723
WindTurbine-6,82.96783924,7/2/2019,30.14680715,SE,2019-07-02T07:00:00.000+0000,8.296783924
WindTurbine-6,79.05111375,7/2/2019,28.72364404,SE,2019-07-02T07:05:00.000+0000,7.905111375
WindTurbine-6,79.291366,7/2/2019,28.81094098,W,2019-07-02T07:10:00.000+0000,7.9291366
WindTurbine-6,83.58928726,7/2/2019,30.37261361,SE,2019-07-02T07:15:00.000+0000,8.358928726
WindTurbine-6,81.09276815,7/2/2019,29.46549006,W,2019-07-02T07:20:00.000+0000,8.109276815
WindTurbine-6,80.64975931,7/2/2019,29.30452044,SW,2019-07-02T07:25:00.000+0000,8.064975931
WindTurbine-6,77.94633642,7/2/2019,28.3222173,NW,2019-07-02T07:30:00.000+0000,7.794633642
WindTurbine-6,89.49290347,7/2/2019,32.51772406,SW,2019-07-02T07:35:00.000+0000,8.949290347
WindTurbine-6,88.88160136,7/2/2019,32.29560417,NE,2019-07-02T07:40:00.000+0000,8.888160136
WindTurbine-6,68.91659055,7/2/2019,25.04121095,N,2019-07-02T07:45:00.000+0000,6.891659055
WindTurbine-6,75.87460768,7/2/2019,27.56944361,SW,2019-07-02T07:50:00.000+0000,7.587460768
WindTurbine-6,76.33747341,7/2/2019,27.73762834,NW,2019-07-02T07:55:00.000+0000,7.633747341
WindTurbine-6,89.00303353,7/2/2019,32.3397272,N,2019-07-02T08:00:00.000+0000,8.900303353
WindTurbine-6,68.48960925,7/2/2019,24.88606502,SE,2019-07-02T08:05:00.000+0000,6.848960925
WindTurbine-6,87.8898512,7/2/2019,31.93524646,N,2019-07-02T08:10:00.000+0000,8.78898512
WindTurbine-6,78.63315257,7/2/2019,28.57177562,S,2019-07-02T08:15:00.000+0000,7.863315257
WindTurbine-6,76.17282776,7/2/2019,27.67780347,W,2019-07-02T08:20:00.000+0000,7.617282776
WindTurbine-6,84.8482465,7/2/2019,30.83006316,W,2019-07-02T08:25:00.000+0000,8.48482465
WindTurbine-6,80.37059867,7/2/2019,29.20308593,NE,2019-07-02T08:30:00.000+0000,8.037059867
WindTurbine-6,76.02231858,7/2/2019,27.62311515,E,2019-07-02T08:35:00.000+0000,7.602231858
WindTurbine-6,86.37742852,7/2/2019,31.38569961,N,2019-07-02T08:40:00.000+0000,8.637742852
WindTurbine-6,77.33861097,7/2/2019,28.10139702,S,2019-07-02T08:45:00.000+0000,7.733861097
WindTurbine-6,75.60779223,7/2/2019,27.47249479,E,2019-07-02T08:50:00.000+0000,7.560779223
WindTurbine-6,69.2062351,7/2/2019,25.14645485,W,2019-07-02T08:55:00.000+0000,6.92062351
WindTurbine-6,79.21599113,7/2/2019,28.78355312,NE,2019-07-02T09:00:00.000+0000,7.921599113
WindTurbine-6,61.36835414,7/2/2019,22.29851897,E,2019-07-02T09:05:00.000+0000,6.136835414
WindTurbine-6,76.73458597,7/2/2019,27.88192131,E,2019-07-02T09:10:00.000+0000,7.673458597
WindTurbine-6,69.41015999,7/2/2019,25.22055204,SW,2019-07-02T09:15:00.000+0000,6.941015999
WindTurbine-6,72.60778352,7/2/2019,26.38242562,NE,2019-07-02T09:20:00.000+0000,7.260778352
WindTurbine-6,85.64758026,7/2/2019,31.12050535,NW,2019-07-02T09:25:00.000+0000,8.564758026
WindTurbine-6,84.84556366,7/2/2019,30.82908834,S,2019-07-02T09:30:00.000+0000,8.484556366
WindTurbine-6,84.67712706,7/2/2019,30.767886,E,2019-07-02T09:35:00.000+0000,8.467712706
WindTurbine-6,57.86842647,7/2/2019,21.02680157,NE,2019-07-02T09:40:00.000+0000,5.786842647
WindTurbine-6,67.19663628,7/2/2019,24.41625639,NE,2019-07-02T09:45:00.000+0000,6.719663628
WindTurbine-6,76.05502609,7/2/2019,27.6349996,W,2019-07-02T09:50:00.000+0000,7.605502609
WindTurbine-6,71.48727063,7/2/2019,25.97528128,NE,2019-07-02T09:55:00.000+0000,7.148727063
WindTurbine-6,75.15049595,7/2/2019,27.30633375,SE,2019-07-02T10:00:00.000+0000,7.515049595
WindTurbine-6,82.83600169,7/2/2019,30.09890327,SW,2019-07-02T10:05:00.000+0000,8.283600169
WindTurbine-6,78.8381676,7/2/2019,28.64626892,NW,2019-07-02T10:10:00.000+0000,7.88381676
WindTurbine-6,82.55366126,7/2/2019,29.99631337,E,2019-07-02T10:15:00.000+0000,8.255366126
WindTurbine-6,77.7968874,7/2/2019,28.2679142,NE,2019-07-02T10:20:00.000+0000,7.77968874
WindTurbine-6,91.98194146,7/2/2019,33.42212929,NW,2019-07-02T10:25:00.000+0000,9.198194146
WindTurbine-6,86.70741237,7/2/2019,31.505601,SE,2019-07-02T10:30:00.000+0000,8.670741237
WindTurbine-6,82.22971447,7/2/2019,29.87860558,W,2019-07-02T10:35:00.000+0000,8.222971447
WindTurbine-6,80.70420624,7/2/2019,29.32430402,E,2019-07-02T10:40:00.000+0000,8.070420624
WindTurbine-6,91.84495983,7/2/2019,33.37235629,S,2019-07-02T10:45:00.000+0000,9.184495983
WindTurbine-6,85.95300081,7/2/2019,31.23148154,NW,2019-07-02T10:50:00.000+0000,8.595300081
WindTurbine-6,83.9757124,7/2/2019,30.51302324,W,2019-07-02T10:55:00.000+0000,8.39757124
WindTurbine-6,85.98169443,7/2/2019,31.24190752,SE,2019-07-02T11:00:00.000+0000,8.598169443
WindTurbine-6,86.96700007,7/2/2019,31.59992358,N,2019-07-02T11:05:00.000+0000,8.696700007
WindTurbine-6,76.97594608,7/2/2019,27.96962079,NE,2019-07-02T11:10:00.000+0000,7.697594608
WindTurbine-6,86.74922717,7/2/2019,31.52079464,SE,2019-07-02T11:15:00.000+0000,8.674922717
WindTurbine-6,92.57080052,7/2/2019,33.63609438,NE,2019-07-02T11:20:00.000+0000,9.257080052
WindTurbine-6,84.70230505,7/2/2019,30.77703456,NE,2019-07-02T11:25:00.000+0000,8.470230505
WindTurbine-6,82.83363711,7/2/2019,30.09804409,S,2019-07-02T11:30:00.000+0000,8.283363711
WindTurbine-6,69.83538892,7/2/2019,25.37506125,E,2019-07-02T11:35:00.000+0000,6.983538892
WindTurbine-6,87.61466641,7/2/2019,31.8352566,N,2019-07-02T11:40:00.000+0000,8.761466641
WindTurbine-6,76.20241295,7/2/2019,27.6885534,E,2019-07-02T11:45:00.000+0000,7.620241295
WindTurbine-6,76.76331954,7/2/2019,27.8923618,NW,2019-07-02T11:50:00.000+0000,7.676331954
WindTurbine-6,78.0174146,7/2/2019,28.34804394,E,2019-07-02T11:55:00.000+0000,7.80174146
WindTurbine-6,78.35513166,7/2/2019,28.47075524,NE,2019-07-02T12:00:00.000+0000,7.835513166
WindTurbine-6,81.21655098,7/2/2019,29.51046721,SW,2019-07-02T12:05:00.000+0000,8.121655098
WindTurbine-6,88.52873526,7/2/2019,32.1673884,S,2019-07-02T12:10:00.000+0000,8.852873526
WindTurbine-6,70.54649964,7/2/2019,25.63344712,SE,2019-07-02T12:15:00.000+0000,7.054649964
WindTurbine-6,80.06833702,7/2/2019,29.09325755,SE,2019-07-02T12:20:00.000+0000,8.006833702
WindTurbine-6,78.52099225,7/2/2019,28.53102157,N,2019-07-02T12:25:00.000+0000,7.852099225
WindTurbine-6,72.54652449,7/2/2019,26.36016682,NW,2019-07-02T12:30:00.000+0000,7.254652449
WindTurbine-6,75.59109581,7/2/2019,27.46642806,SE,2019-07-02T12:35:00.000+0000,7.559109581
WindTurbine-6,67.75064206,7/2/2019,24.61755735,NE,2019-07-02T12:40:00.000+0000,6.775064206
WindTurbine-6,84.06006616,7/2/2019,30.54367363,SE,2019-07-02T12:45:00.000+0000,8.406006616
WindTurbine-6,80.14111924,7/2/2019,29.11970335,N,2019-07-02T12:50:00.000+0000,8.014111924
WindTurbine-6,94.28296205,7/2/2019,34.25821741,SW,2019-07-02T12:55:00.000+0000,9.428296205
WindTurbine-6,72.12498849,7/2/2019,26.20699947,NW,2019-07-02T13:00:00.000+0000,7.212498849
WindTurbine-6,86.08670408,7/2/2019,31.28006333,S,2019-07-02T13:05:00.000+0000,8.608670408
WindTurbine-6,82.54762579,7/2/2019,29.99412035,NE,2019-07-02T13:10:00.000+0000,8.254762579
WindTurbine-6,82.11980983,7/2/2019,29.83867114,NW,2019-07-02T13:15:00.000+0000,8.211980983
WindTurbine-6,86.82499999,7/2/2019,31.54832709,N,2019-07-02T13:20:00.000+0000,8.682499999
WindTurbine-6,90.14704441,7/2/2019,32.75540966,W,2019-07-02T13:25:00.000+0000,9.014704441
WindTurbine-6,82.48966394,7/2/2019,29.9730596,E,2019-07-02T13:30:00.000+0000,8.248966394
WindTurbine-6,76.93010911,7/2/2019,27.95296569,SW,2019-07-02T13:35:00.000+0000,7.693010911
WindTurbine-6,71.51171062,7/2/2019,25.98416168,SW,2019-07-02T13:40:00.000+0000,7.151171062
WindTurbine-6,85.10040726,7/2/2019,30.92168712,S,2019-07-02T13:45:00.000+0000,8.510040726
WindTurbine-6,71.16621919,7/2/2019,25.85862553,S,2019-07-02T13:50:00.000+0000,7.116621919
WindTurbine-6,71.26362111,7/2/2019,25.89401703,W,2019-07-02T13:55:00.000+0000,7.126362111
WindTurbine-6,78.88308583,7/2/2019,28.6625902,NW,2019-07-02T14:00:00.000+0000,7.888308583
WindTurbine-6,86.28148844,7/2/2019,31.35083927,S,2019-07-02T14:05:00.000+0000,8.628148844
WindTurbine-6,75.30683776,7/2/2019,27.36314138,NW,2019-07-02T14:10:00.000+0000,7.530683776
WindTurbine-6,84.29538629,7/2/2019,30.62917845,NE,2019-07-02T14:15:00.000+0000,8.429538629
WindTurbine-6,76.74058573,7/2/2019,27.88410135,W,2019-07-02T14:20:00.000+0000,7.674058573
WindTurbine-6,79.54677874,7/2/2019,28.90374656,SW,2019-07-02T14:25:00.000+0000,7.954677874
WindTurbine-6,80.63475862,7/2/2019,29.29906985,SW,2019-07-02T14:30:00.000+0000,8.063475862
WindTurbine-6,87.0096604,7/2/2019,31.61542444,E,2019-07-02T14:35:00.000+0000,8.70096604
WindTurbine-6,78.15334996,7/2/2019,28.39743678,E,2019-07-02T14:40:00.000+0000,7.815334996
WindTurbine-6,84.52543363,7/2/2019,30.71276738,SW,2019-07-02T14:45:00.000+0000,8.452543363
WindTurbine-6,80.38842316,7/2/2019,29.20956255,S,2019-07-02T14:50:00.000+0000,8.038842316
WindTurbine-6,92.18412667,7/2/2019,33.49559437,NW,2019-07-02T14:55:00.000+0000,9.218412667
WindTurbine-6,76.21261977,7/2/2019,27.69226211,SE,2019-07-02T15:00:00.000+0000,7.621261977
WindTurbine-6,80.60895575,7/2/2019,29.28969424,W,2019-07-02T15:05:00.000+0000,8.060895575
WindTurbine-6,83.59494008,7/2/2019,30.37466759,N,2019-07-02T15:10:00.000+0000,8.359494008
WindTurbine-6,78.36525728,7/2/2019,28.47443443,N,2019-07-02T15:15:00.000+0000,7.836525728
WindTurbine-6,70.05507739,7/2/2019,25.45488622,NE,2019-07-02T15:20:00.000+0000,7.005507739
WindTurbine-6,82.5246522,7/2/2019,29.98577277,W,2019-07-02T15:25:00.000+0000,8.25246522
WindTurbine-6,69.35291485,7/2/2019,25.19975172,SE,2019-07-02T15:30:00.000+0000,6.935291485
WindTurbine-6,75.15925211,7/2/2019,27.30951535,SW,2019-07-02T15:35:00.000+0000,7.515925211
WindTurbine-6,78.61984645,7/2/2019,28.56694077,E,2019-07-02T15:40:00.000+0000,7.861984645
WindTurbine-6,83.58244233,7/2/2019,30.37012646,SE,2019-07-02T15:45:00.000+0000,8.358244233
WindTurbine-6,67.6484866,7/2/2019,24.58043862,S,2019-07-02T15:50:00.000+0000,6.76484866
WindTurbine-6,73.49959612,7/2/2019,26.70647048,E,2019-07-02T15:55:00.000+0000,7.349959612
WindTurbine-6,80.04758075,7/2/2019,29.08571564,NE,2019-07-02T16:00:00.000+0000,8.004758075
WindTurbine-6,83.09805445,7/2/2019,30.19412154,E,2019-07-02T16:05:00.000+0000,8.309805445
WindTurbine-6,75.2477622,7/2/2019,27.34167596,S,2019-07-02T16:10:00.000+0000,7.52477622
WindTurbine-6,70.75596579,7/2/2019,25.70955776,W,2019-07-02T16:15:00.000+0000,7.075596579
WindTurbine-6,83.09726851,7/2/2019,30.19383597,S,2019-07-02T16:20:00.000+0000,8.309726851
WindTurbine-6,83.57914833,7/2/2019,30.36892957,SW,2019-07-02T16:25:00.000+0000,8.357914833
WindTurbine-6,76.9498918,7/2/2019,27.96015383,SE,2019-07-02T16:30:00.000+0000,7.69498918
WindTurbine-6,67.8797577,7/2/2019,24.6644722,E,2019-07-02T16:35:00.000+0000,6.78797577
WindTurbine-6,74.04869676,7/2/2019,26.90598913,S,2019-07-02T16:40:00.000+0000,7.404869676
WindTurbine-6,74.6320027,7/2/2019,27.11793646,S,2019-07-02T16:45:00.000+0000,7.46320027
WindTurbine-6,87.18632024,7/2/2019,31.67961473,E,2019-07-02T16:50:00.000+0000,8.718632024
WindTurbine-6,72.41289937,7/2/2019,26.31161342,NE,2019-07-02T16:55:00.000+0000,7.241289937
WindTurbine-6,92.47520914,7/2/2019,33.60136074,N,2019-07-02T17:00:00.000+0000,9.247520914
WindTurbine-6,75.33328832,7/2/2019,27.37275233,NE,2019-07-02T17:05:00.000+0000,7.533328832
WindTurbine-6,81.54528001,7/2/2019,29.62991266,N,2019-07-02T17:10:00.000+0000,8.154528001
WindTurbine-6,83.1571297,7/2/2019,30.21558685,E,2019-07-02T17:15:00.000+0000,8.31571297
WindTurbine-6,77.37116227,7/2/2019,28.11322471,SW,2019-07-02T17:20:00.000+0000,7.737116227
WindTurbine-6,89.33662887,7/2/2019,32.46094085,E,2019-07-02T17:25:00.000+0000,8.933662887
WindTurbine-6,61.04765501,7/2/2019,22.18199123,NE,2019-07-02T17:30:00.000+0000,6.104765501
WindTurbine-6,90.63529902,7/2/2019,32.93281958,W,2019-07-02T17:35:00.000+0000,9.063529902
WindTurbine-6,77.14647771,7/2/2019,28.03158437,W,2019-07-02T17:40:00.000+0000,7.714647771
WindTurbine-6,77.37682869,7/2/2019,28.11528363,SE,2019-07-02T17:45:00.000+0000,7.737682869
WindTurbine-6,86.03683444,7/2/2019,31.26194293,S,2019-07-02T17:50:00.000+0000,8.603683444
WindTurbine-6,76.82467354,7/2/2019,27.91465511,SW,2019-07-02T17:55:00.000+0000,7.682467354
WindTurbine-6,78.94637641,7/2/2019,28.68558717,NE,2019-07-02T18:00:00.000+0000,7.894637641
WindTurbine-6,87.28997143,7/2/2019,31.71727695,E,2019-07-02T18:05:00.000+0000,8.728997143
WindTurbine-6,67.95422853,7/2/2019,24.69153158,NW,2019-07-02T18:10:00.000+0000,6.795422853
WindTurbine-6,75.74531897,7/2/2019,27.52246587,S,2019-07-02T18:15:00.000+0000,7.574531897
WindTurbine-6,96.26690434,7/2/2019,34.97909342,E,2019-07-02T18:20:00.000+0000,9.626690434
WindTurbine-6,89.82773741,7/2/2019,32.63938776,E,2019-07-02T18:25:00.000+0000,8.982773741
WindTurbine-6,85.73589478,7/2/2019,31.1525949,NW,2019-07-02T18:30:00.000+0000,8.573589478
WindTurbine-6,77.89225867,7/2/2019,28.30256786,N,2019-07-02T18:35:00.000+0000,7.789225867
WindTurbine-6,87.27531045,7/2/2019,31.7119498,SW,2019-07-02T18:40:00.000+0000,8.727531045
WindTurbine-6,77.05330699,7/2/2019,27.99773029,S,2019-07-02T18:45:00.000+0000,7.705330699
WindTurbine-6,80.85065488,7/2/2019,29.37751691,SE,2019-07-02T18:50:00.000+0000,8.085065488
WindTurbine-6,78.01002727,7/2/2019,28.34535971,S,2019-07-02T18:55:00.000+0000,7.801002727
WindTurbine-6,83.72032237,7/2/2019,30.42022591,S,2019-07-02T19:00:00.000+0000,8.372032237
WindTurbine-6,88.41171253,7/2/2019,32.12486756,NW,2019-07-02T19:05:00.000+0000,8.841171253
WindTurbine-6,70.82798536,7/2/2019,25.73572646,NW,2019-07-02T19:10:00.000+0000,7.082798536
WindTurbine-6,80.30851795,7/2/2019,29.18052857,W,2019-07-02T19:15:00.000+0000,8.030851795
WindTurbine-6,92.09766201,7/2/2019,33.46417698,E,2019-07-02T19:20:00.000+0000,9.209766201
WindTurbine-6,83.01755479,7/2/2019,30.16487156,SW,2019-07-02T19:25:00.000+0000,8.301755479
WindTurbine-6,74.16853701,7/2/2019,26.94953373,SW,2019-07-02T19:30:00.000+0000,7.416853701
WindTurbine-6,70.0584472,7/2/2019,25.45611066,S,2019-07-02T19:35:00.000+0000,7.00584472
WindTurbine-6,70.76415153,7/2/2019,25.71253209,E,2019-07-02T19:40:00.000+0000,7.076415153
WindTurbine-6,81.68511403,7/2/2019,29.6807221,NW,2019-07-02T19:45:00.000+0000,8.168511403
WindTurbine-6,84.0734167,7/2/2019,30.54852462,NE,2019-07-02T19:50:00.000+0000,8.40734167
WindTurbine-6,80.26904846,7/2/2019,29.16618712,SW,2019-07-02T19:55:00.000+0000,8.026904846
WindTurbine-6,92.77239758,7/2/2019,33.70934574,NE,2019-07-02T20:00:00.000+0000,9.277239758
WindTurbine-6,76.41217399,7/2/2019,27.7647712,N,2019-07-02T20:05:00.000+0000,7.641217399
WindTurbine-6,90.68809366,7/2/2019,32.95200279,N,2019-07-02T20:10:00.000+0000,9.068809366
WindTurbine-6,81.00556603,7/2/2019,29.43380471,E,2019-07-02T20:15:00.000+0000,8.100556603
WindTurbine-6,77.3957507,7/2/2019,28.12215904,NW,2019-07-02T20:20:00.000+0000,7.73957507
WindTurbine-6,84.92044989,7/2/2019,30.85629865,NW,2019-07-02T20:25:00.000+0000,8.492044989
WindTurbine-6,73.4342399,7/2/2019,26.68272295,NW,2019-07-02T20:30:00.000+0000,7.34342399
WindTurbine-6,70.05720547,7/2/2019,25.45565947,W,2019-07-02T20:35:00.000+0000,7.005720547
WindTurbine-6,75.67911699,7/2/2019,27.49841102,SW,2019-07-02T20:40:00.000+0000,7.567911699
WindTurbine-6,83.40992601,7/2/2019,30.30744174,W,2019-07-02T20:45:00.000+0000,8.340992601
WindTurbine-6,70.1800504,7/2/2019,25.50029583,E,2019-07-02T20:50:00.000+0000,7.01800504
WindTurbine-6,70.25625008,7/2/2019,25.52798339,E,2019-07-02T20:55:00.000+0000,7.025625008
WindTurbine-6,78.69679207,7/2/2019,28.59489937,SW,2019-07-02T21:00:00.000+0000,7.869679207
WindTurbine-6,74.30653063,7/2/2019,26.99967444,W,2019-07-02T21:05:00.000+0000,7.430653063
WindTurbine-6,81.93423643,7/2/2019,29.77124205,S,2019-07-02T21:10:00.000+0000,8.193423643
WindTurbine-6,79.62380029,7/2/2019,28.93173275,S,2019-07-02T21:15:00.000+0000,7.962380029
WindTurbine-6,73.77461516,7/2/2019,26.80640012,NE,2019-07-02T21:20:00.000+0000,7.377461516
WindTurbine-6,84.24830293,7/2/2019,30.61207046,NE,2019-07-02T21:25:00.000+0000,8.424830293
WindTurbine-6,86.99868117,7/2/2019,31.61143507,W,2019-07-02T21:30:00.000+0000,8.699868117
WindTurbine-6,70.29882143,7/2/2019,25.54345192,E,2019-07-02T21:35:00.000+0000,7.029882143
WindTurbine-6,84.5838599,7/2/2019,30.73399688,E,2019-07-02T21:40:00.000+0000,8.45838599
WindTurbine-6,83.24450345,7/2/2019,30.24733457,NE,2019-07-02T21:45:00.000+0000,8.324450345
WindTurbine-6,79.79598846,7/2/2019,28.99429824,W,2019-07-02T21:50:00.000+0000,7.979598846
WindTurbine-6,88.72600113,7/2/2019,32.239066,NW,2019-07-02T21:55:00.000+0000,8.872600113
WindTurbine-6,73.47650364,7/2/2019,26.69807971,W,2019-07-02T22:00:00.000+0000,7.347650364
WindTurbine-6,66.2316635,7/2/2019,24.06562838,W,2019-07-02T22:05:00.000+0000,6.62316635
WindTurbine-6,75.12350257,7/2/2019,27.29652556,NW,2019-07-02T22:10:00.000+0000,7.512350257
WindTurbine-6,83.45866449,7/2/2019,30.32515112,SW,2019-07-02T22:15:00.000+0000,8.345866449
WindTurbine-6,86.56069281,7/2/2019,31.45228967,N,2019-07-02T22:20:00.000+0000,8.656069281
WindTurbine-6,85.48634149,7/2/2019,31.06191838,N,2019-07-02T22:25:00.000+0000,8.548634149
WindTurbine-6,94.04572937,7/2/2019,34.17201765,S,2019-07-02T22:30:00.000+0000,9.404572937
WindTurbine-6,81.00857016,7/2/2019,29.43489627,SW,2019-07-02T22:35:00.000+0000,8.100857016
WindTurbine-6,78.0449125,7/2/2019,28.35803545,NE,2019-07-02T22:40:00.000+0000,7.80449125
WindTurbine-6,71.91645404,7/2/2019,26.13122736,E,2019-07-02T22:45:00.000+0000,7.191645404
WindTurbine-6,98.84195009,7/2/2019,35.91475004,N,2019-07-02T22:50:00.000+0000,9.884195009
WindTurbine-6,81.24362735,7/2/2019,29.52030556,S,2019-07-02T22:55:00.000+0000,8.124362735
WindTurbine-6,80.87955062,7/2/2019,29.38801633,NW,2019-07-02T23:00:00.000+0000,8.087955062
WindTurbine-6,77.3266985,7/2/2019,28.09706856,SW,2019-07-02T23:05:00.000+0000,7.73266985
WindTurbine-6,84.99270414,7/2/2019,30.88255262,W,2019-07-02T23:10:00.000+0000,8.499270414
WindTurbine-6,85.51668382,7/2/2019,31.07294343,NE,2019-07-02T23:15:00.000+0000,8.551668382
WindTurbine-6,95.84395279,7/2/2019,34.82541172,SE,2019-07-02T23:20:00.000+0000,9.584395279
WindTurbine-6,81.87474333,7/2/2019,29.74962492,E,2019-07-02T23:25:00.000+0000,8.187474333
WindTurbine-6,92.00738237,7/2/2019,33.43137339,SW,2019-07-02T23:30:00.000+0000,9.200738237
WindTurbine-6,76.72461228,7/2/2019,27.87829732,NE,2019-07-02T23:35:00.000+0000,7.672461228
WindTurbine-6,82.38823553,7/2/2019,29.93620505,SW,2019-07-02T23:40:00.000+0000,8.238823553
WindTurbine-6,81.04808076,7/2/2019,29.44925266,N,2019-07-02T23:45:00.000+0000,8.104808076
WindTurbine-6,79.15057367,7/2/2019,28.75978333,SW,2019-07-02T23:50:00.000+0000,7.915057367
WindTurbine-6,72.41026731,7/2/2019,26.31065705,E,2019-07-02T23:55:00.000+0000,7.241026731
WindTurbine-6,85.10814707,7/3/2019,30.92449942,NW,2019-07-03T00:00:00.000+0000,8.510814707
WindTurbine-6,89.03448806,7/3/2019,32.35115637,NW,2019-07-03T00:05:00.000+0000,8.903448806
WindTurbine-6,70.295775,7/3/2019,25.54234498,SE,2019-07-03T00:10:00.000+0000,7.0295775
WindTurbine-6,76.91298738,7/3/2019,27.94674441,NE,2019-07-03T00:15:00.000+0000,7.691298738
WindTurbine-6,84.90636265,7/3/2019,30.85117998,S,2019-07-03T00:20:00.000+0000,8.490636265
WindTurbine-6,81.79008751,7/3/2019,29.71886477,SE,2019-07-03T00:25:00.000+0000,8.179008751
WindTurbine-6,90.26801845,7/3/2019,32.79936622,SE,2019-07-03T00:30:00.000+0000,9.026801845
WindTurbine-6,75.18931997,7/3/2019,27.32044066,E,2019-07-03T00:35:00.000+0000,7.518931997
WindTurbine-6,85.47443188,7/3/2019,31.05759096,SW,2019-07-03T00:40:00.000+0000,8.547443188
WindTurbine-6,82.61586716,7/3/2019,30.01891622,E,2019-07-03T00:45:00.000+0000,8.261586716
WindTurbine-6,82.93898529,7/3/2019,30.13632291,SW,2019-07-03T00:50:00.000+0000,8.293898529
WindTurbine-6,80.85492617,7/3/2019,29.37906891,S,2019-07-03T00:55:00.000+0000,8.085492617
WindTurbine-6,69.26750762,7/3/2019,25.16871854,NE,2019-07-03T01:00:00.000+0000,6.926750762
WindTurbine-6,77.46302528,7/3/2019,28.14660362,NW,2019-07-03T01:05:00.000+0000,7.746302528
WindTurbine-6,77.50015961,7/3/2019,28.16009658,E,2019-07-03T01:10:00.000+0000,7.750015961
WindTurbine-6,79.8009954,7/3/2019,28.99611754,NW,2019-07-03T01:15:00.000+0000,7.98009954
WindTurbine-6,77.93805111,7/3/2019,28.31920679,S,2019-07-03T01:20:00.000+0000,7.793805111
WindTurbine-6,87.34676319,7/3/2019,31.73791254,E,2019-07-03T01:25:00.000+0000,8.734676319
WindTurbine-6,73.43362559,7/3/2019,26.68249974,NE,2019-07-03T01:30:00.000+0000,7.343362559
WindTurbine-6,75.66439696,7/3/2019,27.49306242,NE,2019-07-03T01:35:00.000+0000,7.566439696
WindTurbine-6,83.41812398,7/3/2019,30.31042051,SW,2019-07-03T01:40:00.000+0000,8.341812398
WindTurbine-6,76.24101268,7/3/2019,27.70257882,NW,2019-07-03T01:45:00.000+0000,7.624101268
WindTurbine-6,67.95410407,7/3/2019,24.69148635,SE,2019-07-03T01:50:00.000+0000,6.795410407
WindTurbine-6,75.64308165,7/3/2019,27.48531739,E,2019-07-03T01:55:00.000+0000,7.564308165
WindTurbine-6,70.43240559,7/3/2019,25.59199044,SE,2019-07-03T02:00:00.000+0000,7.043240559
WindTurbine-6,81.08355152,7/3/2019,29.46214115,NE,2019-07-03T02:05:00.000+0000,8.108355152
WindTurbine-6,78.2688001,7/3/2019,28.4393862,NW,2019-07-03T02:10:00.000+0000,7.82688001
WindTurbine-6,82.68903454,7/3/2019,30.04550197,N,2019-07-03T02:15:00.000+0000,8.268903454
WindTurbine-6,78.43967089,7/3/2019,28.50147302,SW,2019-07-03T02:20:00.000+0000,7.843967089
WindTurbine-6,85.92708534,7/3/2019,31.22206501,W,2019-07-03T02:25:00.000+0000,8.592708534
WindTurbine-6,73.8755533,7/3/2019,26.84307653,S,2019-07-03T02:30:00.000+0000,7.38755533
WindTurbine-6,84.07070636,7/3/2019,30.5475398,E,2019-07-03T02:35:00.000+0000,8.407070636
WindTurbine-6,78.22700587,7/3/2019,28.42420004,SW,2019-07-03T02:40:00.000+0000,7.822700587
WindTurbine-6,79.22028128,7/3/2019,28.78511197,N,2019-07-03T02:45:00.000+0000,7.922028128
WindTurbine-6,93.14864127,7/3/2019,33.8460559,N,2019-07-03T02:50:00.000+0000,9.314864127
WindTurbine-6,75.7583081,7/3/2019,27.52718554,SE,2019-07-03T02:55:00.000+0000,7.57583081
WindTurbine-6,76.59194117,7/3/2019,27.83009056,E,2019-07-03T03:00:00.000+0000,7.659194117
WindTurbine-6,90.48684025,7/3/2019,32.87887629,W,2019-07-03T03:05:00.000+0000,9.048684025
WindTurbine-6,82.98966672,7/3/2019,30.15473828,NW,2019-07-03T03:10:00.000+0000,8.298966672
WindTurbine-6,86.04482668,7/3/2019,31.26484696,N,2019-07-03T03:15:00.000+0000,8.604482668
WindTurbine-6,73.42796327,7/3/2019,26.68044231,NE,2019-07-03T03:20:00.000+0000,7.342796327
WindTurbine-6,75.33267314,7/3/2019,27.3725288,S,2019-07-03T03:25:00.000+0000,7.533267314
WindTurbine-6,76.15966368,7/3/2019,27.67302023,S,2019-07-03T03:30:00.000+0000,7.615966368
WindTurbine-6,80.31062866,7/3/2019,29.18129551,E,2019-07-03T03:35:00.000+0000,8.031062866
WindTurbine-6,83.10987183,7/3/2019,30.19841545,NW,2019-07-03T03:40:00.000+0000,8.310987183
WindTurbine-6,82.8497045,7/3/2019,30.10388226,N,2019-07-03T03:45:00.000+0000,8.28497045
WindTurbine-6,88.66188927,7/3/2019,32.21577061,N,2019-07-03T03:50:00.000+0000,8.866188927
WindTurbine-6,66.20716268,7/3/2019,24.05672588,NW,2019-07-03T03:55:00.000+0000,6.620716268
WindTurbine-6,76.48684051,7/3/2019,27.79190168,W,2019-07-03T04:00:00.000+0000,7.648684051
WindTurbine-6,74.99345346,7/3/2019,27.24927152,NE,2019-07-03T04:05:00.000+0000,7.499345346
WindTurbine-6,71.35099673,7/3/2019,25.92576543,E,2019-07-03T04:10:00.000+0000,7.135099673
WindTurbine-6,93.89873194,7/3/2019,34.11860535,S,2019-07-03T04:15:00.000+0000,9.389873194
WindTurbine-6,77.44810582,7/3/2019,28.14118255,NE,2019-07-03T04:20:00.000+0000,7.744810582
WindTurbine-6,69.69433619,7/3/2019,25.32380898,S,2019-07-03T04:25:00.000+0000,6.969433619
WindTurbine-6,70.57365654,7/3/2019,25.64331472,N,2019-07-03T04:30:00.000+0000,7.057365654
WindTurbine-6,62.7042843,7/3/2019,22.78393633,E,2019-07-03T04:35:00.000+0000,6.27042843
WindTurbine-6,93.61596958,7/3/2019,34.01586213,W,2019-07-03T04:40:00.000+0000,9.361596958
WindTurbine-6,77.85505822,7/3/2019,28.28905088,W,2019-07-03T04:45:00.000+0000,7.785505822
WindTurbine-6,78.31093587,7/3/2019,28.45469646,SE,2019-07-03T04:50:00.000+0000,7.831093587
WindTurbine-6,79.12711492,7/3/2019,28.75125947,NW,2019-07-03T04:55:00.000+0000,7.912711492
WindTurbine-6,76.41959822,7/3/2019,27.76746883,SE,2019-07-03T05:00:00.000+0000,7.641959822
WindTurbine-6,73.91343431,7/3/2019,26.8568408,W,2019-07-03T05:05:00.000+0000,7.391343431
WindTurbine-6,83.29677944,7/3/2019,30.26632933,E,2019-07-03T05:10:00.000+0000,8.329677944
WindTurbine-6,76.90361224,7/3/2019,27.94333791,SW,2019-07-03T05:15:00.000+0000,7.690361224
WindTurbine-6,81.68978008,7/3/2019,29.68241753,NW,2019-07-03T05:20:00.000+0000,8.168978008
WindTurbine-6,86.31860511,7/3/2019,31.36432581,W,2019-07-03T05:25:00.000+0000,8.631860511
WindTurbine-6,76.34208438,7/3/2019,27.73930376,S,2019-07-03T05:30:00.000+0000,7.634208438
WindTurbine-6,83.9813452,7/3/2019,30.51506995,NE,2019-07-03T05:35:00.000+0000,8.39813452
WindTurbine-6,78.45363573,7/3/2019,28.50654721,S,2019-07-03T05:40:00.000+0000,7.845363573
WindTurbine-6,81.21420548,7/3/2019,29.50961496,S,2019-07-03T05:45:00.000+0000,8.121420548
WindTurbine-6,72.59033006,7/3/2019,26.37608381,S,2019-07-03T05:50:00.000+0000,7.259033006
WindTurbine-6,78.31482681,7/3/2019,28.45611025,E,2019-07-03T05:55:00.000+0000,7.831482681
WindTurbine-6,81.55591255,7/3/2019,29.63377605,E,2019-07-03T06:00:00.000+0000,8.155591255
WindTurbine-6,72.99454665,7/3/2019,26.52295807,NE,2019-07-03T06:05:00.000+0000,7.299454665
WindTurbine-6,80.11809233,7/3/2019,29.1113364,N,2019-07-03T06:10:00.000+0000,8.011809233
WindTurbine-6,81.77786898,7/3/2019,29.7144251,SE,2019-07-03T06:15:00.000+0000,8.177786898
WindTurbine-6,77.9760761,7/3/2019,28.33302337,E,2019-07-03T06:20:00.000+0000,7.79760761
WindTurbine-6,75.86423335,7/3/2019,27.56567404,S,2019-07-03T06:25:00.000+0000,7.586423335
WindTurbine-6,77.26502461,7/3/2019,28.07465902,SE,2019-07-03T06:30:00.000+0000,7.726502461
WindTurbine-6,78.1468662,7/3/2019,28.39508087,NW,2019-07-03T06:35:00.000+0000,7.81468662
WindTurbine-6,79.00398225,7/3/2019,28.70651856,NW,2019-07-03T06:40:00.000+0000,7.900398225
WindTurbine-6,90.01007526,7/3/2019,32.70564119,NW,2019-07-03T06:45:00.000+0000,9.001007526
WindTurbine-6,84.35443045,7/3/2019,30.65063246,W,2019-07-03T06:50:00.000+0000,8.435443045
WindTurbine-6,79.33937103,7/3/2019,28.82838386,N,2019-07-03T06:55:00.000+0000,7.933937103
WindTurbine-6,89.52988056,7/3/2019,32.53115988,E,2019-07-03T07:00:00.000+0000,8.952988056
WindTurbine-6,81.55635367,7/3/2019,29.63393634,N,2019-07-03T07:05:00.000+0000,8.155635367
WindTurbine-6,73.26473763,7/3/2019,26.6211334,SE,2019-07-03T07:10:00.000+0000,7.326473763
WindTurbine-6,82.83256247,7/3/2019,30.09765361,E,2019-07-03T07:15:00.000+0000,8.283256247
WindTurbine-6,79.19851026,7/3/2019,28.77720135,W,2019-07-03T07:20:00.000+0000,7.919851026
WindTurbine-6,90.8033902,7/3/2019,32.99389641,NE,2019-07-03T07:25:00.000+0000,9.08033902
WindTurbine-6,78.62532175,7/3/2019,28.56893024,N,2019-07-03T07:30:00.000+0000,7.862532175
WindTurbine-6,82.67389579,7/3/2019,30.04000123,E,2019-07-03T07:35:00.000+0000,8.267389579
WindTurbine-6,73.90555461,7/3/2019,26.85397767,E,2019-07-03T07:40:00.000+0000,7.390555461
WindTurbine-6,83.84935597,7/3/2019,30.46711096,S,2019-07-03T07:45:00.000+0000,8.384935597
WindTurbine-6,78.8688629,7/3/2019,28.65742222,W,2019-07-03T07:50:00.000+0000,7.88688629
WindTurbine-6,92.08664347,7/3/2019,33.46017333,E,2019-07-03T07:55:00.000+0000,9.208664347
WindTurbine-6,80.70779806,7/3/2019,29.32560913,SW,2019-07-03T08:00:00.000+0000,8.070779806
WindTurbine-6,94.09398963,7/3/2019,34.18955327,W,2019-07-03T08:05:00.000+0000,9.409398963
WindTurbine-6,81.40689148,7/3/2019,29.57962845,NE,2019-07-03T08:10:00.000+0000,8.140689148
WindTurbine-6,83.94913165,7/3/2019,30.50336498,N,2019-07-03T08:15:00.000+0000,8.394913165
WindTurbine-6,72.28620522,7/3/2019,26.26557843,W,2019-07-03T08:20:00.000+0000,7.228620522
WindTurbine-6,88.72712742,7/3/2019,32.23947524,N,2019-07-03T08:25:00.000+0000,8.872712742
WindTurbine-6,83.01648886,7/3/2019,30.16448425,SW,2019-07-03T08:30:00.000+0000,8.301648886
WindTurbine-6,72.23896081,7/3/2019,26.24841192,E,2019-07-03T08:35:00.000+0000,7.223896081
WindTurbine-6,77.16952258,7/3/2019,28.03995785,N,2019-07-03T08:40:00.000+0000,7.716952258
WindTurbine-6,69.94829101,7/3/2019,25.41608482,E,2019-07-03T08:45:00.000+0000,6.994829101
WindTurbine-6,92.24481306,7/3/2019,33.5176451,N,2019-07-03T08:50:00.000+0000,9.224481306
WindTurbine-6,82.93749593,7/3/2019,30.13578174,E,2019-07-03T08:55:00.000+0000,8.293749593
WindTurbine-6,87.14781246,7/3/2019,31.66562273,NE,2019-07-03T09:00:00.000+0000,8.714781246
WindTurbine-6,82.03104938,7/3/2019,29.80641956,SW,2019-07-03T09:05:00.000+0000,8.203104938
WindTurbine-6,89.91498036,7/3/2019,32.67108795,W,2019-07-03T09:10:00.000+0000,8.991498036
WindTurbine-6,80.31931876,7/3/2019,29.1844531,SE,2019-07-03T09:15:00.000+0000,8.031931876
WindTurbine-6,87.31906125,7/3/2019,31.72784689,W,2019-07-03T09:20:00.000+0000,8.731906125
WindTurbine-6,80.04253569,7/3/2019,29.08388249,E,2019-07-03T09:25:00.000+0000,8.004253569
WindTurbine-6,78.95945536,7/3/2019,28.69033948,S,2019-07-03T09:30:00.000+0000,7.895945536
WindTurbine-6,78.07870078,7/3/2019,28.3703126,SW,2019-07-03T09:35:00.000+0000,7.807870078
WindTurbine-6,86.4442685,7/3/2019,31.40998627,SE,2019-07-03T09:40:00.000+0000,8.64442685
WindTurbine-6,81.22664339,7/3/2019,29.51413435,W,2019-07-03T09:45:00.000+0000,8.122664339
WindTurbine-6,81.99158551,7/3/2019,29.79208015,E,2019-07-03T09:50:00.000+0000,8.199158551
WindTurbine-6,77.53222996,7/3/2019,28.17174951,E,2019-07-03T09:55:00.000+0000,7.753222996
WindTurbine-6,72.74342892,7/3/2019,26.4317131,NW,2019-07-03T10:00:00.000+0000,7.274342892
WindTurbine-6,75.11912552,7/3/2019,27.29493514,SE,2019-07-03T10:05:00.000+0000,7.511912552
WindTurbine-6,87.06314379,7/3/2019,31.63485791,SE,2019-07-03T10:10:00.000+0000,8.706314379
WindTurbine-6,79.70669308,7/3/2019,28.96185229,NE,2019-07-03T10:15:00.000+0000,7.970669308
WindTurbine-6,88.54928668,7/3/2019,32.17485586,NW,2019-07-03T10:20:00.000+0000,8.854928668
WindTurbine-6,89.93330523,7/3/2019,32.67774639,N,2019-07-03T10:25:00.000+0000,8.993330523
WindTurbine-6,84.7250699,7/3/2019,30.78530629,SW,2019-07-03T10:30:00.000+0000,8.47250699
WindTurbine-6,80.06786021,7/3/2019,29.09308429,E,2019-07-03T10:35:00.000+0000,8.006786021
WindTurbine-6,69.83833813,7/3/2019,25.37613285,NW,2019-07-03T10:40:00.000+0000,6.983833813
WindTurbine-6,89.66385755,7/3/2019,32.57984114,NE,2019-07-03T10:45:00.000+0000,8.966385755
WindTurbine-6,84.95577083,7/3/2019,30.8691327,W,2019-07-03T10:50:00.000+0000,8.495577083
WindTurbine-6,82.45723991,7/3/2019,29.96127816,NW,2019-07-03T10:55:00.000+0000,8.245723991
WindTurbine-6,82.39592134,7/3/2019,29.93899773,NW,2019-07-03T11:00:00.000+0000,8.239592134
WindTurbine-6,72.79365764,7/3/2019,26.44996397,NW,2019-07-03T11:05:00.000+0000,7.279365764
WindTurbine-6,78.76895387,7/3/2019,28.62111974,SW,2019-07-03T11:10:00.000+0000,7.876895387
WindTurbine-6,72.45525729,7/3/2019,26.3270044,NW,2019-07-03T11:15:00.000+0000,7.245525729
