angle,deviceid,recorded_date,rpm,window
7.807382127,WindTurbine-6,6/30/2019,7.70220133,2019-06-30T00:00:00.000+0000
7.355503062,WindTurbine-6,6/30/2019,7.256409965,2019-06-30T00:05:00.000+0000
8.093529219,WindTurbine-6,6/30/2019,7.984493458,2019-06-30T00:10:00.000+0000
7.798950567,WindTurbine-6,6/30/2019,7.69388336,2019-06-30T00:15:00.000+0000
7.864631025,WindTurbine-6,6/30/2019,7.758678972,2019-06-30T00:20:00.000+0000
7.937508877,WindTurbine-6,6/30/2019,7.830575016,2019-06-30T00:25:00.000+0000
7.988595176,WindTurbine-6,6/30/2019,7.880973083,2019-06-30T00:30:00.000+0000
8.074199598,WindTurbine-6,6/30/2019,7.965424245,2019-06-30T00:35:00.000+0000
8.51967505,WindTurbine-6,6/30/2019,8.404898266,2019-06-30T00:40:00.000+0000
8.795539695,WindTurbine-6,6/30/2019,8.677046472,2019-06-30T00:45:00.000+0000
7.520963965,WindTurbine-6,6/30/2019,7.419641784,2019-06-30T00:50:00.000+0000
7.215139851,WindTurbine-6,6/30/2019,7.117937722,2019-06-30T00:55:00.000+0000
6.060743938,WindTurbine-6,6/30/2019,5.979093793,2019-06-30T01:00:00.000+0000
7.878033153,WindTurbine-6,6/30/2019,7.771900547,2019-06-30T01:05:00.000+0000
7.374330372,WindTurbine-6,6/30/2019,7.274983634,2019-06-30T01:10:00.000+0000
8.670664817,WindTurbine-6,6/30/2019,8.553853903,2019-06-30T01:15:00.000+0000
8.536327787,WindTurbine-6,6/30/2019,8.421326658,2019-06-30T01:20:00.000+0000
7.990541608,WindTurbine-6,6/30/2019,7.882893292,2019-06-30T01:25:00.000+0000
8.676643683,WindTurbine-6,6/30/2019,8.559752223,2019-06-30T01:30:00.000+0000
8.991209608,WindTurbine-6,6/30/2019,8.870080325,2019-06-30T01:35:00.000+0000
8.945083036,WindTurbine-6,6/30/2019,8.824575169,2019-06-30T01:40:00.000+0000
9.125694457,WindTurbine-6,6/30/2019,9.002753399,2019-06-30T01:45:00.000+0000
9.658250648,WindTurbine-6,6/30/2019,9.52813501,2019-06-30T01:50:00.000+0000
8.60485184,WindTurbine-6,6/30/2019,8.488927557,2019-06-30T01:55:00.000+0000
7.313646984,WindTurbine-6,6/30/2019,7.215117771,2019-06-30T02:00:00.000+0000
8.079654115,WindTurbine-6,6/30/2019,7.970805278,2019-06-30T02:05:00.000+0000
7.52607248,WindTurbine-6,6/30/2019,7.424681477,2019-06-30T02:10:00.000+0000
9.030725064,WindTurbine-6,6/30/2019,8.909063431,2019-06-30T02:15:00.000+0000
7.875533265,WindTurbine-6,6/30/2019,7.769434338,2019-06-30T02:20:00.000+0000
7.455918097,WindTurbine-6,6/30/2019,7.355472212,2019-06-30T02:25:00.000+0000
8.103367676,WindTurbine-6,6/30/2019,7.994199372,2019-06-30T02:30:00.000+0000
6.792549613,WindTurbine-6,6/30/2019,6.701040607,2019-06-30T02:35:00.000+0000
7.910528271,WindTurbine-6,6/30/2019,7.803957893,2019-06-30T02:40:00.000+0000
8.780171918,WindTurbine-6,6/30/2019,8.661885729,2019-06-30T02:45:00.000+0000
8.555021739,WindTurbine-6,6/30/2019,8.439768765,2019-06-30T02:50:00.000+0000
8.782761387,WindTurbine-6,6/30/2019,8.664440312,2019-06-30T02:55:00.000+0000
8.065296427,WindTurbine-6,6/30/2019,7.956641017,2019-06-30T03:00:00.000+0000
7.262481115,WindTurbine-6,6/30/2019,7.164641206,2019-06-30T03:05:00.000+0000
8.723501873,WindTurbine-6,6/30/2019,8.605979141,2019-06-30T03:10:00.000+0000
8.109693916,WindTurbine-6,6/30/2019,8.000440384,2019-06-30T03:15:00.000+0000
8.810760871,WindTurbine-6,6/30/2019,8.692062588,2019-06-30T03:20:00.000+0000
7.833401135,WindTurbine-6,6/30/2019,7.727869811,2019-06-30T03:25:00.000+0000
8.531688629,WindTurbine-6,6/30/2019,8.416749999,2019-06-30T03:30:00.000+0000
7.967420401,WindTurbine-6,6/30/2019,7.860083573,2019-06-30T03:35:00.000+0000
8.062314496,WindTurbine-6,6/30/2019,7.953699258,2019-06-30T03:40:00.000+0000
8.684617208,WindTurbine-6,6/30/2019,8.567618329,2019-06-30T03:45:00.000+0000
8.779695724,WindTurbine-6,6/30/2019,8.66141595,2019-06-30T03:50:00.000+0000
7.924726319,WindTurbine-6,6/30/2019,7.817964664,2019-06-30T03:55:00.000+0000
7.425223756,WindTurbine-6,6/30/2019,7.325191384,2019-06-30T04:00:00.000+0000
6.370599744,WindTurbine-6,6/30/2019,6.284775232,2019-06-30T04:05:00.000+0000
5.65858174,WindTurbine-6,6/30/2019,5.582349512,2019-06-30T04:10:00.000+0000
7.979685924,WindTurbine-6,6/30/2019,7.872183855,2019-06-30T04:15:00.000+0000
8.618483873,WindTurbine-6,6/30/2019,8.50237594,2019-06-30T04:20:00.000+0000
8.174799821,WindTurbine-6,6/30/2019,8.064669185,2019-06-30T04:25:00.000+0000
7.58302867,WindTurbine-6,6/30/2019,7.480870355,2019-06-30T04:30:00.000+0000
7.158146896,WindTurbine-6,6/30/2019,7.061712574,2019-06-30T04:35:00.000+0000
8.644323242,WindTurbine-6,6/30/2019,8.527867202,2019-06-30T04:40:00.000+0000
8.325786915,WindTurbine-6,6/30/2019,8.213622185,2019-06-30T04:45:00.000+0000
8.540255748,WindTurbine-6,6/30/2019,8.425201702,2019-06-30T04:50:00.000+0000
8.19706668,WindTurbine-6,6/30/2019,8.086636065,2019-06-30T04:55:00.000+0000
8.206917174,WindTurbine-6,6/30/2019,8.096353854,2019-06-30T05:00:00.000+0000
7.476512882,WindTurbine-6,6/30/2019,7.375789545,2019-06-30T05:05:00.000+0000
7.291787794,WindTurbine-6,6/30/2019,7.193553067,2019-06-30T05:10:00.000+0000
7.385115623,WindTurbine-6,6/30/2019,7.285623586,2019-06-30T05:15:00.000+0000
7.940016483,WindTurbine-6,6/30/2019,7.833048841,2019-06-30T05:20:00.000+0000
8.925211367,WindTurbine-6,6/30/2019,8.804971211,2019-06-30T05:25:00.000+0000
8.750932924,WindTurbine-6,6/30/2019,8.633040641,2019-06-30T05:30:00.000+0000
9.698809328,WindTurbine-6,6/30/2019,9.568147286,2019-06-30T05:35:00.000+0000
8.214751841,WindTurbine-6,6/30/2019,8.104082972,2019-06-30T05:40:00.000+0000
6.409811686,WindTurbine-6,6/30/2019,6.323458913,2019-06-30T05:45:00.000+0000
8.524628444,WindTurbine-6,6/30/2019,8.409784928,2019-06-30T05:50:00.000+0000
7.413168114,WindTurbine-6,6/30/2019,7.313298155,2019-06-30T05:55:00.000+0000
8.165259367,WindTurbine-6,6/30/2019,8.055257259,2019-06-30T06:00:00.000+0000
9.560790062,WindTurbine-6,6/30/2019,9.43198741,2019-06-30T06:05:00.000+0000
7.303857656,WindTurbine-6,6/30/2019,7.205460324,2019-06-30T06:10:00.000+0000
8.437488826,WindTurbine-6,6/30/2019,8.323819252,2019-06-30T06:15:00.000+0000
6.636442991,WindTurbine-6,6/30/2019,6.547037048,2019-06-30T06:20:00.000+0000
8.193302229,WindTurbine-6,6/30/2019,8.082922329,2019-06-30T06:25:00.000+0000
8.97380277,WindTurbine-6,6/30/2019,8.852907992,2019-06-30T06:30:00.000+0000
9.086800157,WindTurbine-6,6/30/2019,8.964383082,2019-06-30T06:35:00.000+0000
7.715748362,WindTurbine-6,6/30/2019,7.611802052,2019-06-30T06:40:00.000+0000
7.872210533,WindTurbine-6,6/30/2019,7.766156369,2019-06-30T06:45:00.000+0000
7.910160384,WindTurbine-6,6/30/2019,7.803594962,2019-06-30T06:50:00.000+0000
7.486523507,WindTurbine-6,6/30/2019,7.385665307,2019-06-30T06:55:00.000+0000
7.158385352,WindTurbine-6,6/30/2019,7.061947818,2019-06-30T07:00:00.000+0000
7.224306739,WindTurbine-6,6/30/2019,7.126981114,2019-06-30T07:05:00.000+0000
8.385930024,WindTurbine-6,6/30/2019,8.272955048,2019-06-30T07:10:00.000+0000
7.771876071,WindTurbine-6,6/30/2019,7.66717361,2019-06-30T07:15:00.000+0000
8.687262461,WindTurbine-6,6/30/2019,8.570227945,2019-06-30T07:20:00.000+0000
7.60589749,WindTurbine-6,6/30/2019,7.503431088,2019-06-30T07:25:00.000+0000
8.223027648,WindTurbine-6,6/30/2019,8.112247288,2019-06-30T07:30:00.000+0000
8.468743956,WindTurbine-6,6/30/2019,8.354653314,2019-06-30T07:35:00.000+0000
9.148288046,WindTurbine-6,6/30/2019,9.025042608,2019-06-30T07:40:00.000+0000
7.016402414,WindTurbine-6,6/30/2019,6.921877669,2019-06-30T07:45:00.000+0000
7.837805411,WindTurbine-6,6/30/2019,7.732214752,2019-06-30T07:50:00.000+0000
7.249089808,WindTurbine-6,6/30/2019,7.151430307,2019-06-30T07:55:00.000+0000
7.814530929,WindTurbine-6,6/30/2019,7.709253823,2019-06-30T08:00:00.000+0000
8.49923115,WindTurbine-6,6/30/2019,8.384729786,2019-06-30T08:05:00.000+0000
8.768860733,WindTurbine-6,6/30/2019,8.650726927,2019-06-30T08:10:00.000+0000
7.187942068,WindTurbine-6,6/30/2019,7.091106348,2019-06-30T08:15:00.000+0000
7.714919523,WindTurbine-6,6/30/2019,7.610984379,2019-06-30T08:20:00.000+0000
7.468962729,WindTurbine-6,6/30/2019,7.368341107,2019-06-30T08:25:00.000+0000
8.901388357,WindTurbine-6,6/30/2019,8.781469144,2019-06-30T08:30:00.000+0000
7.92261443,WindTurbine-6,6/30/2019,7.815881227,2019-06-30T08:35:00.000+0000
7.074690593,WindTurbine-6,6/30/2019,6.979380592,2019-06-30T08:40:00.000+0000
7.890280239,WindTurbine-6,6/30/2019,7.783982641,2019-06-30T08:45:00.000+0000
7.627596634,WindTurbine-6,6/30/2019,7.524837901,2019-06-30T08:50:00.000+0000
7.709018394,WindTurbine-6,6/30/2019,7.60516275,2019-06-30T08:55:00.000+0000
7.508800497,WindTurbine-6,6/30/2019,7.407642182,2019-06-30T09:00:00.000+0000
7.614243116,WindTurbine-6,6/30/2019,7.511664281,2019-06-30T09:05:00.000+0000
8.478932637,WindTurbine-6,6/30/2019,8.364704733,2019-06-30T09:10:00.000+0000
7.696004193,WindTurbine-6,6/30/2019,7.592323876,2019-06-30T09:15:00.000+0000
7.859038158,WindTurbine-6,6/30/2019,7.753161453,2019-06-30T09:20:00.000+0000
8.230364242,WindTurbine-6,6/30/2019,8.119485044,2019-06-30T09:25:00.000+0000
6.810014902,WindTurbine-6,6/30/2019,6.718270604,2019-06-30T09:30:00.000+0000
7.784068361,WindTurbine-6,6/30/2019,7.679201646,2019-06-30T09:35:00.000+0000
6.653754361,WindTurbine-6,6/30/2019,6.5641152,2019-06-30T09:40:00.000+0000
6.775617566,WindTurbine-6,6/30/2019,6.684336667,2019-06-30T09:45:00.000+0000
8.28577661,WindTurbine-6,6/30/2019,8.174150898,2019-06-30T09:50:00.000+0000
8.30415973,WindTurbine-6,6/30/2019,8.192286361,2019-06-30T09:55:00.000+0000
7.054309017,WindTurbine-6,6/30/2019,6.959273596,2019-06-30T10:00:00.000+0000
7.11386192,WindTurbine-6,6/30/2019,7.018024205,2019-06-30T10:05:00.000+0000
7.658470441,WindTurbine-6,6/30/2019,7.555295777,2019-06-30T10:10:00.000+0000
8.093305246,WindTurbine-6,6/30/2019,7.984272502,2019-06-30T10:15:00.000+0000
8.295253567,WindTurbine-6,6/30/2019,8.183500182,2019-06-30T10:20:00.000+0000
8.332873095,WindTurbine-6,6/30/2019,8.2206129,2019-06-30T10:25:00.000+0000
7.356020264,WindTurbine-6,6/30/2019,7.256920199,2019-06-30T10:30:00.000+0000
7.167784373,WindTurbine-6,6/30/2019,7.071220216,2019-06-30T10:35:00.000+0000
8.405324272,WindTurbine-6,6/30/2019,8.292088018,2019-06-30T10:40:00.000+0000
7.96480384,WindTurbine-6,6/30/2019,7.857502263,2019-06-30T10:45:00.000+0000
7.636728148,WindTurbine-6,6/30/2019,7.533846396,2019-06-30T10:50:00.000+0000
8.309520997,WindTurbine-6,6/30/2019,8.197575402,2019-06-30T10:55:00.000+0000
9.289346457,WindTurbine-6,6/30/2019,9.164200685,2019-06-30T11:00:00.000+0000
8.457201457,WindTurbine-6,6/30/2019,8.343266315,2019-06-30T11:05:00.000+0000
8.608284008,WindTurbine-6,6/30/2019,8.492313487,2019-06-30T11:10:00.000+0000
6.148525918,WindTurbine-6,6/30/2019,6.065693177,2019-06-30T11:15:00.000+0000
8.36824871,WindTurbine-6,6/30/2019,8.255511937,2019-06-30T11:20:00.000+0000
7.431759791,WindTurbine-6,6/30/2019,7.331639365,2019-06-30T11:25:00.000+0000
7.905029561,WindTurbine-6,6/30/2019,7.79853326,2019-06-30T11:30:00.000+0000
9.453248641,WindTurbine-6,6/30/2019,9.325894784,2019-06-30T11:35:00.000+0000
7.130634534,WindTurbine-6,6/30/2019,7.034570858,2019-06-30T11:40:00.000+0000
8.805395196,WindTurbine-6,6/30/2019,8.686769199,2019-06-30T11:45:00.000+0000
8.854822242,WindTurbine-6,6/30/2019,8.735530366,2019-06-30T11:50:00.000+0000
8.813141176,WindTurbine-6,6/30/2019,8.694410826,2019-06-30T11:55:00.000+0000
7.16486825,WindTurbine-6,6/30/2019,7.068343379,2019-06-30T12:00:00.000+0000
8.349384268,WindTurbine-6,6/30/2019,8.236901635,2019-06-30T12:05:00.000+0000
7.488693401,WindTurbine-6,6/30/2019,7.387805968,2019-06-30T12:10:00.000+0000
8.964830694,WindTurbine-6,6/30/2019,8.844056788,2019-06-30T12:15:00.000+0000
6.99198818,WindTurbine-6,6/30/2019,6.897792343,2019-06-30T12:20:00.000+0000
8.063083111,WindTurbine-6,6/30/2019,7.954457519,2019-06-30T12:25:00.000+0000
7.784150493,WindTurbine-6,6/30/2019,7.679282672,2019-06-30T12:30:00.000+0000
6.615290496,WindTurbine-6,6/30/2019,6.526169519,2019-06-30T12:35:00.000+0000
8.866685849,WindTurbine-6,6/30/2019,8.747234147,2019-06-30T12:40:00.000+0000
8.747528424,WindTurbine-6,6/30/2019,8.629682006,2019-06-30T12:45:00.000+0000
7.185911554,WindTurbine-6,6/30/2019,7.089103188,2019-06-30T12:50:00.000+0000
8.67838607,WindTurbine-6,6/30/2019,8.561471136,2019-06-30T12:55:00.000+0000
7.773299535,WindTurbine-6,6/30/2019,7.668577898,2019-06-30T13:00:00.000+0000
8.408115215,WindTurbine-6,6/30/2019,8.294841362,2019-06-30T13:05:00.000+0000
8.06627499,WindTurbine-6,6/30/2019,7.957606396,2019-06-30T13:10:00.000+0000
7.87702441,WindTurbine-6,6/30/2019,7.770905394,2019-06-30T13:15:00.000+0000
7.482988673,WindTurbine-6,6/30/2019,7.382178094,2019-06-30T13:20:00.000+0000
8.680397092,WindTurbine-6,6/30/2019,8.563455066,2019-06-30T13:25:00.000+0000
7.87520609,WindTurbine-6,6/30/2019,7.769111571,2019-06-30T13:30:00.000+0000
7.849817668,WindTurbine-6,6/30/2019,7.744065181,2019-06-30T13:35:00.000+0000
7.861942225,WindTurbine-6,6/30/2019,7.756026396,2019-06-30T13:40:00.000+0000
7.581472376,WindTurbine-6,6/30/2019,7.479335028,2019-06-30T13:45:00.000+0000
8.421049607,WindTurbine-6,6/30/2019,8.307601501,2019-06-30T13:50:00.000+0000
7.39947298,WindTurbine-6,6/30/2019,7.299787522,2019-06-30T13:55:00.000+0000
7.52463907,WindTurbine-6,6/30/2019,7.423267378,2019-06-30T14:00:00.000+0000
7.405247234,WindTurbine-6,6/30/2019,7.305483985,2019-06-30T14:05:00.000+0000
7.610778064,WindTurbine-6,6/30/2019,7.50824591,2019-06-30T14:10:00.000+0000
8.182113996,WindTurbine-6,6/30/2019,8.071884824,2019-06-30T14:15:00.000+0000
8.403213686,WindTurbine-6,6/30/2019,8.290005866,2019-06-30T14:20:00.000+0000
8.420961028,WindTurbine-6,6/30/2019,8.307514116,2019-06-30T14:25:00.000+0000
7.737444047,WindTurbine-6,6/30/2019,7.633205453,2019-06-30T14:30:00.000+0000
7.482936196,WindTurbine-6,6/30/2019,7.382126324,2019-06-30T14:35:00.000+0000
8.263388187,WindTurbine-6,6/30/2019,8.152064092,2019-06-30T14:40:00.000+0000
8.444875034,WindTurbine-6,6/30/2019,8.331105954,2019-06-30T14:45:00.000+0000
8.445981806,WindTurbine-6,6/30/2019,8.332197815,2019-06-30T14:50:00.000+0000
8.840757089,WindTurbine-6,6/30/2019,8.721654698,2019-06-30T14:55:00.000+0000
9.281884231,WindTurbine-6,6/30/2019,9.15683899,2019-06-30T15:00:00.000+0000
7.54612957,WindTurbine-6,6/30/2019,7.444468359,2019-06-30T15:05:00.000+0000
7.445587584,WindTurbine-6,6/30/2019,7.345280871,2019-06-30T15:10:00.000+0000
8.471448057,WindTurbine-6,6/30/2019,8.357320985,2019-06-30T15:15:00.000+0000
7.673546019,WindTurbine-6,6/30/2019,7.570168257,2019-06-30T15:20:00.000+0000
7.800495402,WindTurbine-6,6/30/2019,7.695407382,2019-06-30T15:25:00.000+0000
7.47346564,WindTurbine-6,6/30/2019,7.372783355,2019-06-30T15:30:00.000+0000
7.100032419,WindTurbine-6,6/30/2019,7.004381014,2019-06-30T15:35:00.000+0000
7.123653417,WindTurbine-6,6/30/2019,7.027683791,2019-06-30T15:40:00.000+0000
8.165219118,WindTurbine-6,6/30/2019,8.055217553,2019-06-30T15:45:00.000+0000
9.02497734,WindTurbine-6,6/30/2019,8.90339314,2019-06-30T15:50:00.000+0000
9.852018604,WindTurbine-6,6/30/2019,9.719292531,2019-06-30T15:55:00.000+0000
6.978944789,WindTurbine-6,6/30/2019,6.884924672,2019-06-30T16:00:00.000+0000
7.850338148,WindTurbine-6,6/30/2019,7.744578649,2019-06-30T16:05:00.000+0000
6.754522225,WindTurbine-6,6/30/2019,6.663525522,2019-06-30T16:10:00.000+0000
8.959474736,WindTurbine-6,6/30/2019,8.838772985,2019-06-30T16:15:00.000+0000
6.877016232,WindTurbine-6,6/30/2019,6.784369294,2019-06-30T16:20:00.000+0000
8.622389506,WindTurbine-6,6/30/2019,8.506228956,2019-06-30T16:25:00.000+0000
7.345576497,WindTurbine-6,6/30/2019,7.24661713,2019-06-30T16:30:00.000+0000
7.820521078,WindTurbine-6,6/30/2019,7.715163273,2019-06-30T16:35:00.000+0000
6.711852739,WindTurbine-6,6/30/2019,6.621430878,2019-06-30T16:40:00.000+0000
7.406148229,WindTurbine-6,6/30/2019,7.306372842,2019-06-30T16:45:00.000+0000
8.591471548,WindTurbine-6,6/30/2019,8.475727524,2019-06-30T16:50:00.000+0000
9.080639978,WindTurbine-6,6/30/2019,8.958305893,2019-06-30T16:55:00.000+0000
9.006927863,WindTurbine-6,6/30/2019,8.885586825,2019-06-30T17:00:00.000+0000
7.888126513,WindTurbine-6,6/30/2019,7.78185793,2019-06-30T17:05:00.000+0000
7.015846426,WindTurbine-6,6/30/2019,6.921329172,2019-06-30T17:10:00.000+0000
7.190064082,WindTurbine-6,6/30/2019,7.093199774,2019-06-30T17:15:00.000+0000
7.255018926,WindTurbine-6,6/30/2019,7.157279548,2019-06-30T17:20:00.000+0000
8.689773918,WindTurbine-6,6/30/2019,8.572705568,2019-06-30T17:25:00.000+0000
7.920193431,WindTurbine-6,6/30/2019,7.813492844,2019-06-30T17:30:00.000+0000
7.897925902,WindTurbine-6,6/30/2019,7.791525302,2019-06-30T17:35:00.000+0000
8.253694677,WindTurbine-6,6/30/2019,8.142501171,2019-06-30T17:40:00.000+0000
9.454663319,WindTurbine-6,6/30/2019,9.327290404,2019-06-30T17:45:00.000+0000
8.890645863,WindTurbine-6,6/30/2019,8.770871372,2019-06-30T17:50:00.000+0000
8.418003367,WindTurbine-6,6/30/2019,8.3045963,2019-06-30T17:55:00.000+0000
6.983327913,WindTurbine-6,6/30/2019,6.889248747,2019-06-30T18:00:00.000+0000
7.79030592,WindTurbine-6,6/30/2019,7.685355173,2019-06-30T18:05:00.000+0000
7.619151636,WindTurbine-6,6/30/2019,7.516506674,2019-06-30T18:10:00.000+0000
7.732694511,WindTurbine-6,6/30/2019,7.628519903,2019-06-30T18:15:00.000+0000
6.959710294,WindTurbine-6,6/30/2019,6.865949304,2019-06-30T18:20:00.000+0000
8.982963181,WindTurbine-6,6/30/2019,8.861944995,2019-06-30T18:25:00.000+0000
8.685746944,WindTurbine-6,6/30/2019,8.568732845,2019-06-30T18:30:00.000+0000
8.331064563,WindTurbine-6,6/30/2019,8.218828734,2019-06-30T18:35:00.000+0000
7.148911116,WindTurbine-6,6/30/2019,7.052601219,2019-06-30T18:40:00.000+0000
6.897193664,WindTurbine-6,6/30/2019,6.804274896,2019-06-30T18:45:00.000+0000
8.033294218,WindTurbine-6,6/30/2019,7.925069941,2019-06-30T18:50:00.000+0000
7.414154225,WindTurbine-6,6/30/2019,7.314270981,2019-06-30T18:55:00.000+0000
7.887049501,WindTurbine-6,6/30/2019,7.780795427,2019-06-30T19:00:00.000+0000
7.26210464,WindTurbine-6,6/30/2019,7.164269803,2019-06-30T19:05:00.000+0000
8.063301006,WindTurbine-6,6/30/2019,7.954672478,2019-06-30T19:10:00.000+0000
7.484875558,WindTurbine-6,6/30/2019,7.384039559,2019-06-30T19:15:00.000+0000
8.702531107,WindTurbine-6,6/30/2019,8.585290892,2019-06-30T19:20:00.000+0000
8.494810283,WindTurbine-6,6/30/2019,8.380368476,2019-06-30T19:25:00.000+0000
8.23050895,WindTurbine-6,6/30/2019,8.119627802,2019-06-30T19:30:00.000+0000
8.051921964,WindTurbine-6,6/30/2019,7.943446735,2019-06-30T19:35:00.000+0000
7.048056008,WindTurbine-6,6/30/2019,6.953104828,2019-06-30T19:40:00.000+0000
8.307461483,WindTurbine-6,6/30/2019,8.195543633,2019-06-30T19:45:00.000+0000
7.869894416,WindTurbine-6,6/30/2019,7.763871456,2019-06-30T19:50:00.000+0000
6.099535071,WindTurbine-6,6/30/2019,6.017362334,2019-06-30T19:55:00.000+0000
7.021893373,WindTurbine-6,6/30/2019,6.927294655,2019-06-30T20:00:00.000+0000
7.156588681,WindTurbine-6,6/30/2019,7.060175352,2019-06-30T20:05:00.000+0000
6.761935378,WindTurbine-6,6/30/2019,6.670838806,2019-06-30T20:10:00.000+0000
8.91087052,WindTurbine-6,6/30/2019,8.790823564,2019-06-30T20:15:00.000+0000
5.764724261,WindTurbine-6,6/30/2019,5.687062084,2019-06-30T20:20:00.000+0000
7.921857165,WindTurbine-6,6/30/2019,7.815134164,2019-06-30T20:25:00.000+0000
9.919489504,WindTurbine-6,6/30/2019,9.785854465,2019-06-30T20:30:00.000+0000
8.840032513,WindTurbine-6,6/30/2019,8.720939883,2019-06-30T20:35:00.000+0000
8.000181289,WindTurbine-6,6/30/2019,7.892403108,2019-06-30T20:40:00.000+0000
7.861230824,WindTurbine-6,6/30/2019,7.755324579,2019-06-30T20:45:00.000+0000
7.905321628,WindTurbine-6,6/30/2019,7.798821394,2019-06-30T20:50:00.000+0000
8.260081788,WindTurbine-6,6/30/2019,8.148802236,2019-06-30T20:55:00.000+0000
8.977870834,WindTurbine-6,6/30/2019,8.856921251,2019-06-30T21:00:00.000+0000
8.145769968,WindTurbine-6,6/30/2019,8.036030421,2019-06-30T21:05:00.000+0000
7.048881032,WindTurbine-6,6/30/2019,6.953918737,2019-06-30T21:10:00.000+0000
9.036904434,WindTurbine-6,6/30/2019,8.915159552,2019-06-30T21:15:00.000+0000
7.472194591,WindTurbine-6,6/30/2019,7.37152943,2019-06-30T21:20:00.000+0000
8.490530985,WindTurbine-6,6/30/2019,8.376146829,2019-06-30T21:25:00.000+0000
8.312607674,WindTurbine-6,6/30/2019,8.200620495,2019-06-30T21:30:00.000+0000
7.783355092,WindTurbine-6,6/30/2019,7.678497987,2019-06-30T21:35:00.000+0000
9.250632122,WindTurbine-6,6/30/2019,9.126007908,2019-06-30T21:40:00.000+0000
8.027073756,WindTurbine-6,6/30/2019,7.918933281,2019-06-30T21:45:00.000+0000
7.775045354,WindTurbine-6,6/30/2019,7.670300197,2019-06-30T21:50:00.000+0000
9.08600567,WindTurbine-6,6/30/2019,8.963599298,2019-06-30T21:55:00.000+0000
7.624531916,WindTurbine-6,6/30/2019,7.521814471,2019-06-30T22:00:00.000+0000
8.76954115,WindTurbine-6,6/30/2019,8.651398178,2019-06-30T22:05:00.000+0000
8.021999995,WindTurbine-6,6/30/2019,7.913927873,2019-06-30T22:10:00.000+0000
7.183146528,WindTurbine-6,6/30/2019,7.086375412,2019-06-30T22:15:00.000+0000
7.826874968,WindTurbine-6,6/30/2019,7.721431564,2019-06-30T22:20:00.000+0000
8.851547856,WindTurbine-6,6/30/2019,8.732300092,2019-06-30T22:25:00.000+0000
7.272802947,WindTurbine-6,6/30/2019,7.174823983,2019-06-30T22:30:00.000+0000
7.836893851,WindTurbine-6,6/30/2019,7.731315473,2019-06-30T22:35:00.000+0000
7.846952122,WindTurbine-6,6/30/2019,7.741238239,2019-06-30T22:40:00.000+0000
7.984592144,WindTurbine-6,6/30/2019,7.877023979,2019-06-30T22:45:00.000+0000
8.292539711,WindTurbine-6,6/30/2019,8.180822887,2019-06-30T22:50:00.000+0000
7.625436139,WindTurbine-6,6/30/2019,7.522706512,2019-06-30T22:55:00.000+0000
7.157764987,WindTurbine-6,6/30/2019,7.06133581,2019-06-30T23:00:00.000+0000
7.955277845,WindTurbine-6,6/30/2019,7.848104601,2019-06-30T23:05:00.000+0000
8.21467392,WindTurbine-6,6/30/2019,8.104006101,2019-06-30T23:10:00.000+0000
8.492563209,WindTurbine-6,6/30/2019,8.378151674,2019-06-30T23:15:00.000+0000
7.937866153,WindTurbine-6,6/30/2019,7.830927479,2019-06-30T23:20:00.000+0000
8.307147367,WindTurbine-6,6/30/2019,8.195233749,2019-06-30T23:25:00.000+0000
8.297884525,WindTurbine-6,6/30/2019,8.186095696,2019-06-30T23:30:00.000+0000
8.813814936,WindTurbine-6,6/30/2019,8.695075509,2019-06-30T23:35:00.000+0000
7.386286798,WindTurbine-6,6/30/2019,7.286778984,2019-06-30T23:40:00.000+0000
7.536075921,WindTurbine-6,6/30/2019,7.434550152,2019-06-30T23:45:00.000+0000
7.678531856,WindTurbine-6,6/30/2019,7.575086926,2019-06-30T23:50:00.000+0000
6.979305663,WindTurbine-6,6/30/2019,6.885280685,2019-06-30T23:55:00.000+0000
10.5320091,WindTurbine-6,7/1/2019,10.39012221,2019-07-01T00:00:00.000+0000
7.174272622,WindTurbine-6,7/1/2019,7.077621055,2019-07-01T00:05:00.000+0000
7.646237098,WindTurbine-6,7/1/2019,7.543227242,2019-07-01T00:10:00.000+0000
8.839012043,WindTurbine-6,7/1/2019,8.719933161,2019-07-01T00:15:00.000+0000
7.336368471,WindTurbine-6,7/1/2019,7.237533154,2019-07-01T00:20:00.000+0000
7.685113814,WindTurbine-6,7/1/2019,7.581580212,2019-07-01T00:25:00.000+0000
7.800470171,WindTurbine-6,7/1/2019,7.695382492,2019-07-01T00:30:00.000+0000
7.379005507,WindTurbine-6,7/1/2019,7.279595785,2019-07-01T00:35:00.000+0000
7.587654609,WindTurbine-6,7/1/2019,7.485433974,2019-07-01T00:40:00.000+0000
9.000065919,WindTurbine-6,7/1/2019,8.878817325,2019-07-01T00:45:00.000+0000
8.84720883,WindTurbine-6,7/1/2019,8.728019522,2019-07-01T00:50:00.000+0000
8.414569675,WindTurbine-6,7/1/2019,8.301208867,2019-07-01T00:55:00.000+0000
8.030598791,WindTurbine-6,7/1/2019,7.922410826,2019-07-01T01:00:00.000+0000
7.590173969,WindTurbine-6,7/1/2019,7.487919393,2019-07-01T01:05:00.000+0000
8.303164031,WindTurbine-6,7/1/2019,8.191304076,2019-07-01T01:10:00.000+0000
7.965035625,WindTurbine-6,7/1/2019,7.857730925,2019-07-01T01:15:00.000+0000
8.151301869,WindTurbine-6,7/1/2019,8.041487797,2019-07-01T01:20:00.000+0000
6.48126794,WindTurbine-6,7/1/2019,6.39395251,2019-07-01T01:25:00.000+0000
8.874992991,WindTurbine-6,7/1/2019,8.755429376,2019-07-01T01:30:00.000+0000
7.64273226,WindTurbine-6,7/1/2019,7.539769621,2019-07-01T01:35:00.000+0000
7.173692822,WindTurbine-6,7/1/2019,7.077049067,2019-07-01T01:40:00.000+0000
5.353250308,WindTurbine-6,7/1/2019,5.281131495,2019-07-01T01:45:00.000+0000
8.3706463,WindTurbine-6,7/1/2019,8.257877227,2019-07-01T01:50:00.000+0000
7.327260403,WindTurbine-6,7/1/2019,7.22854779,2019-07-01T01:55:00.000+0000
8.316708572,WindTurbine-6,7/1/2019,8.204666146,2019-07-01T02:00:00.000+0000
8.503139068,WindTurbine-6,7/1/2019,8.388585056,2019-07-01T02:05:00.000+0000
6.603161356,WindTurbine-6,7/1/2019,6.514203782,2019-07-01T02:10:00.000+0000
7.873937136,WindTurbine-6,7/1/2019,7.767859712,2019-07-01T02:15:00.000+0000
8.237552053,WindTurbine-6,7/1/2019,8.126576021,2019-07-01T02:20:00.000+0000
8.449903969,WindTurbine-6,7/1/2019,8.336067138,2019-07-01T02:25:00.000+0000
8.26557358,WindTurbine-6,7/1/2019,8.154220042,2019-07-01T02:30:00.000+0000
8.869455687,WindTurbine-6,7/1/2019,8.74996667,2019-07-01T02:35:00.000+0000
8.730588494,WindTurbine-6,7/1/2019,8.612970291,2019-07-01T02:40:00.000+0000
7.248331769,WindTurbine-6,7/1/2019,7.15068248,2019-07-01T02:45:00.000+0000
8.076638836,WindTurbine-6,7/1/2019,7.967830621,2019-07-01T02:50:00.000+0000
8.327074903,WindTurbine-6,7/1/2019,8.214892822,2019-07-01T02:55:00.000+0000
7.836685794,WindTurbine-6,7/1/2019,7.731110219,2019-07-01T03:00:00.000+0000
8.192202443,WindTurbine-6,7/1/2019,8.081837359,2019-07-01T03:05:00.000+0000
7.794686586,WindTurbine-6,7/1/2019,7.689676823,2019-07-01T03:10:00.000+0000
9.015320643,WindTurbine-6,7/1/2019,8.893866538,2019-07-01T03:15:00.000+0000
8.455029392,WindTurbine-6,7/1/2019,8.341123512,2019-07-01T03:20:00.000+0000
7.666334658,WindTurbine-6,7/1/2019,7.563054048,2019-07-01T03:25:00.000+0000
8.366185328,WindTurbine-6,7/1/2019,8.253476353,2019-07-01T03:30:00.000+0000
8.467437359,WindTurbine-6,7/1/2019,8.353364319,2019-07-01T03:35:00.000+0000
8.181714159,WindTurbine-6,7/1/2019,8.071490373,2019-07-01T03:40:00.000+0000
7.920663582,WindTurbine-6,7/1/2019,7.813956661,2019-07-01T03:45:00.000+0000
9.190298567,WindTurbine-6,7/1/2019,9.066487164,2019-07-01T03:50:00.000+0000
8.001686854,WindTurbine-6,7/1/2019,7.89388839,2019-07-01T03:55:00.000+0000
7.73876933,WindTurbine-6,7/1/2019,7.634512882,2019-07-01T04:00:00.000+0000
9.607885627,WindTurbine-6,7/1/2019,9.478448506,2019-07-01T04:05:00.000+0000
7.752164682,WindTurbine-6,7/1/2019,7.647727773,2019-07-01T04:10:00.000+0000
7.486166208,WindTurbine-6,7/1/2019,7.385312822,2019-07-01T04:15:00.000+0000
8.309228838,WindTurbine-6,7/1/2019,8.197287178,2019-07-01T04:20:00.000+0000
7.611100583,WindTurbine-6,7/1/2019,7.508564085,2019-07-01T04:25:00.000+0000
8.084213132,WindTurbine-6,7/1/2019,7.975302876,2019-07-01T04:30:00.000+0000
9.001944772,WindTurbine-6,7/1/2019,8.880670865,2019-07-01T04:35:00.000+0000
8.340455247,WindTurbine-6,7/1/2019,8.228092906,2019-07-01T04:40:00.000+0000
8.513240232,WindTurbine-6,7/1/2019,8.398550137,2019-07-01T04:45:00.000+0000
7.14789703,WindTurbine-6,7/1/2019,7.051600794,2019-07-01T04:50:00.000+0000
8.353284208,WindTurbine-6,7/1/2019,8.240749036,2019-07-01T04:55:00.000+0000
8.842673073,WindTurbine-6,7/1/2019,8.72354487,2019-07-01T05:00:00.000+0000
7.740088865,WindTurbine-6,7/1/2019,7.63581464,2019-07-01T05:05:00.000+0000
7.045116606,WindTurbine-6,7/1/2019,6.950205025,2019-07-01T05:10:00.000+0000
8.369488596,WindTurbine-6,7/1/2019,8.256735119,2019-07-01T05:15:00.000+0000
6.882222051,WindTurbine-6,7/1/2019,6.78950498,2019-07-01T05:20:00.000+0000
7.358466828,WindTurbine-6,7/1/2019,7.259333803,2019-07-01T05:25:00.000+0000
8.710814165,WindTurbine-6,7/1/2019,8.593462361,2019-07-01T05:30:00.000+0000
8.228014479,WindTurbine-6,7/1/2019,8.117166937,2019-07-01T05:35:00.000+0000
8.54690207,WindTurbine-6,7/1/2019,8.431758484,2019-07-01T05:40:00.000+0000
8.028292301,WindTurbine-6,7/1/2019,7.920135409,2019-07-01T05:45:00.000+0000
8.180669096,WindTurbine-6,7/1/2019,8.070459389,2019-07-01T05:50:00.000+0000
8.271108073,WindTurbine-6,7/1/2019,8.159679975,2019-07-01T05:55:00.000+0000
8.443497477,WindTurbine-6,7/1/2019,8.329746955,2019-07-01T06:00:00.000+0000
7.75587794,WindTurbine-6,7/1/2019,7.651391006,2019-07-01T06:05:00.000+0000
9.883415434,WindTurbine-6,7/1/2019,9.750266384,2019-07-01T06:10:00.000+0000
8.126000226,WindTurbine-6,7/1/2019,8.016527016,2019-07-01T06:15:00.000+0000
7.70778513,WindTurbine-6,7/1/2019,7.6039461,2019-07-01T06:20:00.000+0000
7.478440703,WindTurbine-6,7/1/2019,7.377691394,2019-07-01T06:25:00.000+0000
8.27357887,WindTurbine-6,7/1/2019,8.162117485,2019-07-01T06:30:00.000+0000
8.933086929,WindTurbine-6,7/1/2019,8.812740674,2019-07-01T06:35:00.000+0000
7.98256155,WindTurbine-6,7/1/2019,7.875020741,2019-07-01T06:40:00.000+0000
7.722178155,WindTurbine-6,7/1/2019,7.618145223,2019-07-01T06:45:00.000+0000
7.469105437,WindTurbine-6,7/1/2019,7.368481893,2019-07-01T06:50:00.000+0000
7.82725871,WindTurbine-6,7/1/2019,7.721810137,2019-07-01T06:55:00.000+0000
7.211791827,WindTurbine-6,7/1/2019,7.114634803,2019-07-01T07:00:00.000+0000
8.040795582,WindTurbine-6,7/1/2019,7.932470246,2019-07-01T07:05:00.000+0000
8.523433826,WindTurbine-6,7/1/2019,8.408606404,2019-07-01T07:10:00.000+0000
7.268116085,WindTurbine-6,7/1/2019,7.170200263,2019-07-01T07:15:00.000+0000
8.199522853,WindTurbine-6,7/1/2019,8.089059149,2019-07-01T07:20:00.000+0000
7.143751348,WindTurbine-6,7/1/2019,7.047510963,2019-07-01T07:25:00.000+0000
9.850223758,WindTurbine-6,7/1/2019,9.717521865,2019-07-01T07:30:00.000+0000
8.263106422,WindTurbine-6,7/1/2019,8.151786122,2019-07-01T07:35:00.000+0000
7.902483686,WindTurbine-6,7/1/2019,7.796021684,2019-07-01T07:40:00.000+0000
8.475114223,WindTurbine-6,7/1/2019,8.360937761,2019-07-01T07:45:00.000+0000
7.420669244,WindTurbine-6,7/1/2019,7.32069823,2019-07-01T07:50:00.000+0000
5.995744239,WindTurbine-6,7/1/2019,5.914969768,2019-07-01T07:55:00.000+0000
8.7471206,WindTurbine-6,7/1/2019,8.629279677,2019-07-01T08:00:00.000+0000
8.329767767,WindTurbine-6,7/1/2019,8.217549407,2019-07-01T08:05:00.000+0000
7.634269822,WindTurbine-6,7/1/2019,7.531421188,2019-07-01T08:10:00.000+0000
7.264541574,WindTurbine-6,7/1/2019,7.166673907,2019-07-01T08:15:00.000+0000
8.128116479,WindTurbine-6,7/1/2019,8.018614759,2019-07-01T08:20:00.000+0000
8.052270661,WindTurbine-6,7/1/2019,7.943790734,2019-07-01T08:25:00.000+0000
8.528373748,WindTurbine-6,7/1/2019,8.413479775,2019-07-01T08:30:00.000+0000
7.41445686,WindTurbine-6,7/1/2019,7.314569539,2019-07-01T08:35:00.000+0000
8.323876876,WindTurbine-6,7/1/2019,8.211737879,2019-07-01T08:40:00.000+0000
8.23590418,WindTurbine-6,7/1/2019,8.124950348,2019-07-01T08:45:00.000+0000
7.086430172,WindTurbine-6,7/1/2019,6.990962016,2019-07-01T08:50:00.000+0000
7.141292244,WindTurbine-6,7/1/2019,7.045084988,2019-07-01T08:55:00.000+0000
8.707011336,WindTurbine-6,7/1/2019,8.589710763,2019-07-01T09:00:00.000+0000
7.05159982,WindTurbine-6,7/1/2019,6.956600898,2019-07-01T09:05:00.000+0000
8.031995275,WindTurbine-6,7/1/2019,7.923788497,2019-07-01T09:10:00.000+0000
7.86295927,WindTurbine-6,7/1/2019,7.75702974,2019-07-01T09:15:00.000+0000
8.010510523,WindTurbine-6,7/1/2019,7.902593187,2019-07-01T09:20:00.000+0000
7.994712879,WindTurbine-6,7/1/2019,7.887008368,2019-07-01T09:25:00.000+0000
9.927154353,WindTurbine-6,7/1/2019,9.793416053,2019-07-01T09:30:00.000+0000
7.463003981,WindTurbine-6,7/1/2019,7.362462635,2019-07-01T09:35:00.000+0000
7.559293603,WindTurbine-6,7/1/2019,7.457455046,2019-07-01T09:40:00.000+0000
7.63481354,WindTurbine-6,7/1/2019,7.531957582,2019-07-01T09:45:00.000+0000
7.867900642,WindTurbine-6,7/1/2019,7.761904542,2019-07-01T09:50:00.000+0000
7.499202204,WindTurbine-6,7/1/2019,7.398173197,2019-07-01T09:55:00.000+0000
8.354535495,WindTurbine-6,7/1/2019,8.241983465,2019-07-01T10:00:00.000+0000
7.807165733,WindTurbine-6,7/1/2019,7.701987851,2019-07-01T10:05:00.000+0000
8.358088193,WindTurbine-6,7/1/2019,8.245488302,2019-07-01T10:10:00.000+0000
8.252951983,WindTurbine-6,7/1/2019,8.141768483,2019-07-01T10:15:00.000+0000
8.303415061,WindTurbine-6,7/1/2019,8.191551724,2019-07-01T10:20:00.000+0000
8.511239663,WindTurbine-6,7/1/2019,8.39657652,2019-07-01T10:25:00.000+0000
7.177582144,WindTurbine-6,7/1/2019,7.080885991,2019-07-01T10:30:00.000+0000
7.788829395,WindTurbine-6,7/1/2019,7.68389854,2019-07-01T10:35:00.000+0000
7.678623742,WindTurbine-6,7/1/2019,7.575177573,2019-07-01T10:40:00.000+0000
7.488886139,WindTurbine-6,7/1/2019,7.387996109,2019-07-01T10:45:00.000+0000
7.391030633,WindTurbine-6,7/1/2019,7.29145891,2019-07-01T10:50:00.000+0000
7.302650253,WindTurbine-6,7/1/2019,7.204269187,2019-07-01T10:55:00.000+0000
8.028901991,WindTurbine-6,7/1/2019,7.920736885,2019-07-01T11:00:00.000+0000
8.813973353,WindTurbine-6,7/1/2019,8.695231792,2019-07-01T11:05:00.000+0000
7.76726729,WindTurbine-6,7/1/2019,7.662626919,2019-07-01T11:10:00.000+0000
7.291177039,WindTurbine-6,7/1/2019,7.19295054,2019-07-01T11:15:00.000+0000
8.652907758,WindTurbine-6,7/1/2019,8.536336067,2019-07-01T11:20:00.000+0000
6.518005627,WindTurbine-6,7/1/2019,6.430195268,2019-07-01T11:25:00.000+0000
8.601379388,WindTurbine-6,7/1/2019,8.485501886,2019-07-01T11:30:00.000+0000
8.824799937,WindTurbine-6,7/1/2019,8.70591252,2019-07-01T11:35:00.000+0000
7.509922027,WindTurbine-6,7/1/2019,7.408748603,2019-07-01T11:40:00.000+0000
8.861062027,WindTurbine-6,7/1/2019,8.741686089,2019-07-01T11:45:00.000+0000
7.533729213,WindTurbine-6,7/1/2019,7.432235059,2019-07-01T11:50:00.000+0000
8.879120587,WindTurbine-6,7/1/2019,8.759501365,2019-07-01T11:55:00.000+0000
7.805374453,WindTurbine-6,7/1/2019,7.700220704,2019-07-01T12:00:00.000+0000
7.547645975,WindTurbine-6,7/1/2019,7.445964335,2019-07-01T12:05:00.000+0000
8.200242839,WindTurbine-6,7/1/2019,8.089769436,2019-07-01T12:10:00.000+0000
8.868923144,WindTurbine-6,7/1/2019,8.749441301,2019-07-01T12:15:00.000+0000
8.635939445,WindTurbine-6,7/1/2019,8.519596351,2019-07-01T12:20:00.000+0000
8.340048528,WindTurbine-6,7/1/2019,8.227691666,2019-07-01T12:25:00.000+0000
8.153545282,WindTurbine-6,7/1/2019,8.043700986,2019-07-01T12:30:00.000+0000
7.868618999,WindTurbine-6,7/1/2019,7.762613221,2019-07-01T12:35:00.000+0000
9.613105222,WindTurbine-6,7/1/2019,9.483597782,2019-07-01T12:40:00.000+0000
7.981381049,WindTurbine-6,7/1/2019,7.873856144,2019-07-01T12:45:00.000+0000
9.200975011,WindTurbine-6,7/1/2019,9.077019776,2019-07-01T12:50:00.000+0000
8.34024085,WindTurbine-6,7/1/2019,8.227881397,2019-07-01T12:55:00.000+0000
8.779399919,WindTurbine-6,7/1/2019,8.66112413,2019-07-01T13:00:00.000+0000
7.441864574,WindTurbine-6,7/1/2019,7.341608017,2019-07-01T13:05:00.000+0000
7.435672211,WindTurbine-6,7/1/2019,7.335499078,2019-07-01T13:10:00.000+0000
7.304070535,WindTurbine-6,7/1/2019,7.205670335,2019-07-01T13:15:00.000+0000
6.539650314,WindTurbine-6,7/1/2019,6.451548358,2019-07-01T13:20:00.000+0000
8.44421844,WindTurbine-6,7/1/2019,8.330458205,2019-07-01T13:25:00.000+0000
8.000975244,WindTurbine-6,7/1/2019,7.893186367,2019-07-01T13:30:00.000+0000
8.417071658,WindTurbine-6,7/1/2019,8.303677143,2019-07-01T13:35:00.000+0000
8.672209002,WindTurbine-6,7/1/2019,8.555377286,2019-07-01T13:40:00.000+0000
7.925113429,WindTurbine-6,7/1/2019,7.81834656,2019-07-01T13:45:00.000+0000
7.395354015,WindTurbine-6,7/1/2019,7.295724047,2019-07-01T13:50:00.000+0000
7.648256048,WindTurbine-6,7/1/2019,7.545218992,2019-07-01T13:55:00.000+0000
8.531433269,WindTurbine-6,7/1/2019,8.416498078,2019-07-01T14:00:00.000+0000
8.154934334,WindTurbine-6,7/1/2019,8.045071325,2019-07-01T14:05:00.000+0000
8.460879227,WindTurbine-6,7/1/2019,8.346894539,2019-07-01T14:10:00.000+0000
8.205446573,WindTurbine-6,7/1/2019,8.094903065,2019-07-01T14:15:00.000+0000
8.880975905,WindTurbine-6,7/1/2019,8.761331687,2019-07-01T14:20:00.000+0000
9.564032582,WindTurbine-6,7/1/2019,9.435186247,2019-07-01T14:25:00.000+0000
7.610743605,WindTurbine-6,7/1/2019,7.508211915,2019-07-01T14:30:00.000+0000
8.37412056,WindTurbine-6,7/1/2019,8.261304682,2019-07-01T14:35:00.000+0000
7.370884328,WindTurbine-6,7/1/2019,7.271584015,2019-07-01T14:40:00.000+0000
7.121537554,WindTurbine-6,7/1/2019,7.025596433,2019-07-01T14:45:00.000+0000
7.361774285,WindTurbine-6,7/1/2019,7.262596703,2019-07-01T14:50:00.000+0000
8.635533503,WindTurbine-6,7/1/2019,8.519195877,2019-07-01T14:55:00.000+0000
8.514514649,WindTurbine-6,7/1/2019,8.399807386,2019-07-01T15:00:00.000+0000
7.152897048,WindTurbine-6,7/1/2019,7.056533453,2019-07-01T15:05:00.000+0000
7.873308865,WindTurbine-6,7/1/2019,7.767239905,2019-07-01T15:10:00.000+0000
7.609108022,WindTurbine-6,7/1/2019,7.506598367,2019-07-01T15:15:00.000+0000
8.472262346,WindTurbine-6,7/1/2019,8.358124304,2019-07-01T15:20:00.000+0000
9.604807107,WindTurbine-6,7/1/2019,9.475411459,2019-07-01T15:25:00.000+0000
9.264445404,WindTurbine-6,7/1/2019,9.139635098,2019-07-01T15:30:00.000+0000
7.597971762,WindTurbine-6,7/1/2019,7.495612135,2019-07-01T15:35:00.000+0000
8.168524083,WindTurbine-6,7/1/2019,8.058477994,2019-07-01T15:40:00.000+0000
6.997014412,WindTurbine-6,7/1/2019,6.902750862,2019-07-01T15:45:00.000+0000
7.301988391,WindTurbine-6,7/1/2019,7.203616242,2019-07-01T15:50:00.000+0000
7.16839258,WindTurbine-6,7/1/2019,7.071820229,2019-07-01T15:55:00.000+0000
8.099027758,WindTurbine-6,7/1/2019,7.989917921,2019-07-01T16:00:00.000+0000
5.994164713,WindTurbine-6,7/1/2019,5.913411522,2019-07-01T16:05:00.000+0000
7.603834995,WindTurbine-6,7/1/2019,7.501396379,2019-07-01T16:10:00.000+0000
7.071305087,WindTurbine-6,7/1/2019,6.976040696,2019-07-01T16:15:00.000+0000
8.353340549,WindTurbine-6,7/1/2019,8.240804618,2019-07-01T16:20:00.000+0000
8.97607931,WindTurbine-6,7/1/2019,8.855153863,2019-07-01T16:25:00.000+0000
7.859876702,WindTurbine-6,7/1/2019,7.753988699,2019-07-01T16:30:00.000+0000
9.147951537,WindTurbine-6,7/1/2019,9.024710633,2019-07-01T16:35:00.000+0000
8.799423895,WindTurbine-6,7/1/2019,8.680878344,2019-07-01T16:40:00.000+0000
7.754214092,WindTurbine-6,7/1/2019,7.649749573,2019-07-01T16:45:00.000+0000
7.341162554,WindTurbine-6,7/1/2019,7.242262652,2019-07-01T16:50:00.000+0000
8.341047394,WindTurbine-6,7/1/2019,8.228677076,2019-07-01T16:55:00.000+0000
7.588803394,WindTurbine-6,7/1/2019,7.486567283,2019-07-01T17:00:00.000+0000
7.296603726,WindTurbine-6,7/1/2019,7.198304118,2019-07-01T17:05:00.000+0000
7.467248478,WindTurbine-6,7/1/2019,7.36664995,2019-07-01T17:10:00.000+0000
8.407733058,WindTurbine-6,7/1/2019,8.294464352,2019-07-01T17:15:00.000+0000
8.752788617,WindTurbine-6,7/1/2019,8.634871334,2019-07-01T17:20:00.000+0000
8.346976228,WindTurbine-6,7/1/2019,8.234526037,2019-07-01T17:25:00.000+0000
8.162463819,WindTurbine-6,7/1/2019,8.052499373,2019-07-01T17:30:00.000+0000
7.083842479,WindTurbine-6,7/1/2019,6.988409184,2019-07-01T17:35:00.000+0000
8.846945074,WindTurbine-6,7/1/2019,8.727759319,2019-07-01T17:40:00.000+0000
6.464524956,WindTurbine-6,7/1/2019,6.377435087,2019-07-01T17:45:00.000+0000
8.724019223,WindTurbine-6,7/1/2019,8.606489521,2019-07-01T17:50:00.000+0000
7.541204601,WindTurbine-6,7/1/2019,7.439609739,2019-07-01T17:55:00.000+0000
7.998921492,WindTurbine-6,7/1/2019,7.891160283,2019-07-01T18:00:00.000+0000
7.610466775,WindTurbine-6,7/1/2019,7.507938815,2019-07-01T18:05:00.000+0000
8.540150998,WindTurbine-6,7/1/2019,8.425098363,2019-07-01T18:10:00.000+0000
7.345074908,WindTurbine-6,7/1/2019,7.246122298,2019-07-01T18:15:00.000+0000
7.66159503,WindTurbine-6,7/1/2019,7.558378272,2019-07-01T18:20:00.000+0000
9.014943037,WindTurbine-6,7/1/2019,8.893494019,2019-07-01T18:25:00.000+0000
7.134470124,WindTurbine-6,7/1/2019,7.038354775,2019-07-01T18:30:00.000+0000
7.110932261,WindTurbine-6,7/1/2019,7.015134014,2019-07-01T18:35:00.000+0000
7.54482315,WindTurbine-6,7/1/2019,7.443179539,2019-07-01T18:40:00.000+0000
8.036165512,WindTurbine-6,7/1/2019,7.927902552,2019-07-01T18:45:00.000+0000
7.815422466,WindTurbine-6,7/1/2019,7.71013335,2019-07-01T18:50:00.000+0000
8.58102561,WindTurbine-6,7/1/2019,8.465422313,2019-07-01T18:55:00.000+0000
8.7011208,WindTurbine-6,7/1/2019,8.583899585,2019-07-01T19:00:00.000+0000
7.65930257,WindTurbine-6,7/1/2019,7.556116696,2019-07-01T19:05:00.000+0000
7.823330352,WindTurbine-6,7/1/2019,7.717934701,2019-07-01T19:10:00.000+0000
7.12600432,WindTurbine-6,7/1/2019,7.030003023,2019-07-01T19:15:00.000+0000
7.548847537,WindTurbine-6,7/1/2019,7.447149709,2019-07-01T19:20:00.000+0000
7.75989829,WindTurbine-6,7/1/2019,7.655357193,2019-07-01T19:25:00.000+0000
7.517593373,WindTurbine-6,7/1/2019,7.416316601,2019-07-01T19:30:00.000+0000
6.441530606,WindTurbine-6,7/1/2019,6.354750516,2019-07-01T19:35:00.000+0000
8.901544843,WindTurbine-6,7/1/2019,8.781623522,2019-07-01T19:40:00.000+0000
9.02683669,WindTurbine-6,7/1/2019,8.905227441,2019-07-01T19:45:00.000+0000
7.23856558,WindTurbine-6,7/1/2019,7.141047861,2019-07-01T19:50:00.000+0000
7.756288246,WindTurbine-6,7/1/2019,7.651795784,2019-07-01T19:55:00.000+0000
8.656676823,WindTurbine-6,7/1/2019,8.540054355,2019-07-01T20:00:00.000+0000
9.415777944,WindTurbine-6,7/1/2019,9.288928891,2019-07-01T20:05:00.000+0000
8.586199675,WindTurbine-6,7/1/2019,8.470526674,2019-07-01T20:10:00.000+0000
7.294696104,WindTurbine-6,7/1/2019,7.196422196,2019-07-01T20:15:00.000+0000
9.033185899,WindTurbine-6,7/1/2019,8.911491113,2019-07-01T20:20:00.000+0000
8.833277724,WindTurbine-6,7/1/2019,8.714276095,2019-07-01T20:25:00.000+0000
9.039063959,WindTurbine-6,7/1/2019,8.917289985,2019-07-01T20:30:00.000+0000
6.850062249,WindTurbine-6,7/1/2019,6.757778434,2019-07-01T20:35:00.000+0000
8.032715185,WindTurbine-6,7/1/2019,7.924498708,2019-07-01T20:40:00.000+0000
9.671092872,WindTurbine-6,7/1/2019,9.540804224,2019-07-01T20:45:00.000+0000
7.613644002,WindTurbine-6,7/1/2019,7.511073238,2019-07-01T20:50:00.000+0000
8.013738576,WindTurbine-6,7/1/2019,7.905777751,2019-07-01T20:55:00.000+0000
8.738464177,WindTurbine-6,7/1/2019,8.620739873,2019-07-01T21:00:00.000+0000
7.654462495,WindTurbine-6,7/1/2019,7.551341827,2019-07-01T21:05:00.000+0000
8.364784736,WindTurbine-6,7/1/2019,8.252094629,2019-07-01T21:10:00.000+0000
9.612782805,WindTurbine-6,7/1/2019,9.483279709,2019-07-01T21:15:00.000+0000
8.073441335,WindTurbine-6,7/1/2019,7.964676197,2019-07-01T21:20:00.000+0000
7.94410009,WindTurbine-6,7/1/2019,7.837077433,2019-07-01T21:25:00.000+0000
8.441033154,WindTurbine-6,7/1/2019,8.327315831,2019-07-01T21:30:00.000+0000
7.788483094,WindTurbine-6,7/1/2019,7.683556904,2019-07-01T21:35:00.000+0000
9.047461121,WindTurbine-6,7/1/2019,8.92557402,2019-07-01T21:40:00.000+0000
8.353338038,WindTurbine-6,7/1/2019,8.240802141,2019-07-01T21:45:00.000+0000
7.888294034,WindTurbine-6,7/1/2019,7.782023195,2019-07-01T21:50:00.000+0000
8.213503411,WindTurbine-6,7/1/2019,8.102851361,2019-07-01T21:55:00.000+0000
7.260436066,WindTurbine-6,7/1/2019,7.162623708,2019-07-01T22:00:00.000+0000
7.749793346,WindTurbine-6,7/1/2019,7.645388383,2019-07-01T22:05:00.000+0000
9.517877182,WindTurbine-6,7/1/2019,9.389652652,2019-07-01T22:10:00.000+0000
8.910732917,WindTurbine-6,7/1/2019,8.790687814,2019-07-01T22:15:00.000+0000
9.252567862,WindTurbine-6,7/1/2019,9.12791757,2019-07-01T22:20:00.000+0000
7.281840969,WindTurbine-6,7/1/2019,7.183740245,2019-07-01T22:25:00.000+0000
7.32302413,WindTurbine-6,7/1/2019,7.224368588,2019-07-01T22:30:00.000+0000
7.544480468,WindTurbine-6,7/1/2019,7.442841474,2019-07-01T22:35:00.000+0000
7.071641689,WindTurbine-6,7/1/2019,6.976372763,2019-07-01T22:40:00.000+0000
9.427414892,WindTurbine-6,7/1/2019,9.300409066,2019-07-01T22:45:00.000+0000
7.9471916,WindTurbine-6,7/1/2019,7.840127294,2019-07-01T22:50:00.000+0000
6.475782063,WindTurbine-6,7/1/2019,6.388540538,2019-07-01T22:55:00.000+0000
6.990800655,WindTurbine-6,7/1/2019,6.896620817,2019-07-01T23:00:00.000+0000
9.339214487,WindTurbine-6,7/1/2019,9.213396894,2019-07-01T23:05:00.000+0000
8.51046732,WindTurbine-6,7/1/2019,8.395814582,2019-07-01T23:10:00.000+0000
7.607662113,WindTurbine-6,7/1/2019,7.505171937,2019-07-01T23:15:00.000+0000
7.764446421,WindTurbine-6,7/1/2019,7.659844052,2019-07-01T23:20:00.000+0000
7.503011788,WindTurbine-6,7/1/2019,7.401931458,2019-07-01T23:25:00.000+0000
7.417760417,WindTurbine-6,7/1/2019,7.317828591,2019-07-01T23:30:00.000+0000
7.25443563,WindTurbine-6,7/1/2019,7.15670411,2019-07-01T23:35:00.000+0000
7.474333416,WindTurbine-6,7/1/2019,7.37363944,2019-07-01T23:40:00.000+0000
7.732820832,WindTurbine-6,7/1/2019,7.628644523,2019-07-01T23:45:00.000+0000
7.805695918,WindTurbine-6,7/1/2019,7.700537838,2019-07-01T23:50:00.000+0000
6.931850136,WindTurbine-6,7/1/2019,6.838464477,2019-07-01T23:55:00.000+0000
8.480493876,WindTurbine-6,7/2/2019,8.366244939,2019-07-02T00:00:00.000+0000
8.685305693,WindTurbine-6,7/2/2019,8.568297538,2019-07-02T00:05:00.000+0000
8.372827372,WindTurbine-6,7/2/2019,8.260028915,2019-07-02T00:10:00.000+0000
9.190972015,WindTurbine-6,7/2/2019,9.06715154,2019-07-02T00:15:00.000+0000
7.754157351,WindTurbine-6,7/2/2019,7.649693596,2019-07-02T00:20:00.000+0000
8.101806789,WindTurbine-6,7/2/2019,7.992659512,2019-07-02T00:25:00.000+0000
7.561691225,WindTurbine-6,7/2/2019,7.459820367,2019-07-02T00:30:00.000+0000
9.303227551,WindTurbine-6,7/2/2019,9.177894773,2019-07-02T00:35:00.000+0000
9.035683504,WindTurbine-6,7/2/2019,8.913955071,2019-07-02T00:40:00.000+0000
7.574887247,WindTurbine-6,7/2/2019,7.472838613,2019-07-02T00:45:00.000+0000
7.506030116,WindTurbine-6,7/2/2019,7.404909123,2019-07-02T00:50:00.000+0000
8.828150662,WindTurbine-6,7/2/2019,8.709218104,2019-07-02T00:55:00.000+0000
8.391698256,WindTurbine-6,7/2/2019,8.278645571,2019-07-02T01:00:00.000+0000
9.31587812,WindTurbine-6,7/2/2019,9.190374914,2019-07-02T01:05:00.000+0000
7.973364806,WindTurbine-6,7/2/2019,7.865947896,2019-07-02T01:10:00.000+0000
6.503513233,WindTurbine-6,7/2/2019,6.415898115,2019-07-02T01:15:00.000+0000
8.42241004,WindTurbine-6,7/2/2019,8.308943607,2019-07-02T01:20:00.000+0000
8.627484276,WindTurbine-6,7/2/2019,8.511255089,2019-07-02T01:25:00.000+0000
7.663732999,WindTurbine-6,7/2/2019,7.560487438,2019-07-02T01:30:00.000+0000
8.792521208,WindTurbine-6,7/2/2019,8.67406865,2019-07-02T01:35:00.000+0000
8.697345303,WindTurbine-6,7/2/2019,8.580174951,2019-07-02T01:40:00.000+0000
7.298408801,WindTurbine-6,7/2/2019,7.200084876,2019-07-02T01:45:00.000+0000
8.577094929,WindTurbine-6,7/2/2019,8.461544586,2019-07-02T01:50:00.000+0000
9.008650188,WindTurbine-6,7/2/2019,8.887285947,2019-07-02T01:55:00.000+0000
7.262930679,WindTurbine-6,7/2/2019,7.165084714,2019-07-02T02:00:00.000+0000
8.334760585,WindTurbine-6,7/2/2019,8.222474962,2019-07-02T02:05:00.000+0000
7.765358879,WindTurbine-6,7/2/2019,7.660744217,2019-07-02T02:10:00.000+0000
6.858442161,WindTurbine-6,7/2/2019,6.766045453,2019-07-02T02:15:00.000+0000
7.162399683,WindTurbine-6,7/2/2019,7.065908069,2019-07-02T02:20:00.000+0000
9.469062955,WindTurbine-6,7/2/2019,9.341496048,2019-07-02T02:25:00.000+0000
7.986300881,WindTurbine-6,7/2/2019,7.878709696,2019-07-02T02:30:00.000+0000
7.941608572,WindTurbine-6,7/2/2019,7.83461948,2019-07-02T02:35:00.000+0000
9.254501409,WindTurbine-6,7/2/2019,9.129825069,2019-07-02T02:40:00.000+0000
9.676391906,WindTurbine-6,7/2/2019,9.546031871,2019-07-02T02:45:00.000+0000
9.005052097,WindTurbine-6,7/2/2019,8.883736329,2019-07-02T02:50:00.000+0000
8.835297225,WindTurbine-6,7/2/2019,8.716268389,2019-07-02T02:55:00.000+0000
7.034824457,WindTurbine-6,7/2/2019,6.940051532,2019-07-02T03:00:00.000+0000
8.522323819,WindTurbine-6,7/2/2019,8.407511351,2019-07-02T03:05:00.000+0000
8.222536787,WindTurbine-6,7/2/2019,8.11176304,2019-07-02T03:10:00.000+0000
9.111486441,WindTurbine-6,7/2/2019,8.988736793,2019-07-02T03:15:00.000+0000
9.069614758,WindTurbine-6,7/2/2019,8.947429204,2019-07-02T03:20:00.000+0000
7.766222906,WindTurbine-6,7/2/2019,7.661596604,2019-07-02T03:25:00.000+0000
9.294886991,WindTurbine-6,7/2/2019,9.169666577,2019-07-02T03:30:00.000+0000
8.427461847,WindTurbine-6,7/2/2019,8.313927356,2019-07-02T03:35:00.000+0000
8.318912742,WindTurbine-6,7/2/2019,8.206840621,2019-07-02T03:40:00.000+0000
7.857505226,WindTurbine-6,7/2/2019,7.751649172,2019-07-02T03:45:00.000+0000
6.826849816,WindTurbine-6,7/2/2019,6.734878718,2019-07-02T03:50:00.000+0000
7.69769348,WindTurbine-6,7/2/2019,7.593990405,2019-07-02T03:55:00.000+0000
9.060572045,WindTurbine-6,7/2/2019,8.938508314,2019-07-02T04:00:00.000+0000
9.000300092,WindTurbine-6,7/2/2019,8.879048343,2019-07-02T04:05:00.000+0000
8.360089629,WindTurbine-6,7/2/2019,8.247462775,2019-07-02T04:10:00.000+0000
7.994240242,WindTurbine-6,7/2/2019,7.886542099,2019-07-02T04:15:00.000+0000
8.705586621,WindTurbine-6,7/2/2019,8.588305243,2019-07-02T04:20:00.000+0000
8.140019808,WindTurbine-6,7/2/2019,8.030357727,2019-07-02T04:25:00.000+0000
8.015196496,WindTurbine-6,7/2/2019,7.907216031,2019-07-02T04:30:00.000+0000
9.513393478,WindTurbine-6,7/2/2019,9.385229352,2019-07-02T04:35:00.000+0000
6.996289275,WindTurbine-6,7/2/2019,6.902035494,2019-07-02T04:40:00.000+0000
7.418669335,WindTurbine-6,7/2/2019,7.318725264,2019-07-02T04:45:00.000+0000
8.086034996,WindTurbine-6,7/2/2019,7.977100196,2019-07-02T04:50:00.000+0000
8.729790927,WindTurbine-6,7/2/2019,8.612183468,2019-07-02T04:55:00.000+0000
8.477412239,WindTurbine-6,7/2/2019,8.363204818,2019-07-02T05:00:00.000+0000
7.838962424,WindTurbine-6,7/2/2019,7.733356179,2019-07-02T05:05:00.000+0000
8.104871856,WindTurbine-6,7/2/2019,7.995683287,2019-07-02T05:10:00.000+0000
7.482293648,WindTurbine-6,7/2/2019,7.381492432,2019-07-02T05:15:00.000+0000
7.817627942,WindTurbine-6,7/2/2019,7.712309114,2019-07-02T05:20:00.000+0000
8.625010671,WindTurbine-6,7/2/2019,8.508814809,2019-07-02T05:25:00.000+0000
8.40466238,WindTurbine-6,7/2/2019,8.291435043,2019-07-02T05:30:00.000+0000
7.684792676,WindTurbine-6,7/2/2019,7.5812634,2019-07-02T05:35:00.000+0000
7.602281698,WindTurbine-6,7/2/2019,7.499864007,2019-07-02T05:40:00.000+0000
9.393307929,WindTurbine-6,7/2/2019,9.266761591,2019-07-02T05:45:00.000+0000
8.6414625,WindTurbine-6,7/2/2019,8.525045,2019-07-02T05:50:00.000+0000
8.635690045,WindTurbine-6,7/2/2019,8.519350311,2019-07-02T05:55:00.000+0000
9.177076581,WindTurbine-6,7/2/2019,9.053443305,2019-07-02T06:00:00.000+0000
7.532595451,WindTurbine-6,7/2/2019,7.431116571,2019-07-02T06:05:00.000+0000
7.909285477,WindTurbine-6,7/2/2019,7.802731841,2019-07-02T06:10:00.000+0000
7.947566016,WindTurbine-6,7/2/2019,7.840496666,2019-07-02T06:15:00.000+0000
8.222030487,WindTurbine-6,7/2/2019,8.111263561,2019-07-02T06:20:00.000+0000
7.747898099,WindTurbine-6,7/2/2019,7.643518669,2019-07-02T06:25:00.000+0000
7.405414684,WindTurbine-6,7/2/2019,7.305649179,2019-07-02T06:30:00.000+0000
7.24568446,WindTurbine-6,7/2/2019,7.148070835,2019-07-02T06:35:00.000+0000
8.97726341,WindTurbine-6,7/2/2019,8.856322011,2019-07-02T06:40:00.000+0000
9.101416621,WindTurbine-6,7/2/2019,8.978802634,2019-07-02T06:45:00.000+0000
7.506768869,WindTurbine-6,7/2/2019,7.405637924,2019-07-02T06:50:00.000+0000
8.408669603,WindTurbine-6,7/2/2019,8.295388281,2019-07-02T06:55:00.000+0000
8.386283899,WindTurbine-6,7/2/2019,8.273304156,2019-07-02T07:00:00.000+0000
7.990386258,WindTurbine-6,7/2/2019,7.882740035,2019-07-02T07:05:00.000+0000
8.01467065,WindTurbine-6,7/2/2019,7.906697268,2019-07-02T07:10:00.000+0000
8.449099077,WindTurbine-6,7/2/2019,8.33527309,2019-07-02T07:15:00.000+0000
8.196754093,WindTurbine-6,7/2/2019,8.086327689,2019-07-02T07:20:00.000+0000
8.151975322,WindTurbine-6,7/2/2019,8.042152177,2019-07-02T07:25:00.000+0000
7.878716767,WindTurbine-6,7/2/2019,7.772574952,2019-07-02T07:30:00.000+0000
9.045829111,WindTurbine-6,7/2/2019,8.923963997,2019-07-02T07:35:00.000+0000
8.984039469,WindTurbine-6,7/2/2019,8.863006783,2019-07-02T07:40:00.000+0000
6.966001514,WindTurbine-6,7/2/2019,6.872155769,2019-07-02T07:45:00.000+0000
7.669309055,WindTurbine-6,7/2/2019,7.565988374,2019-07-02T07:50:00.000+0000
7.716094936,WindTurbine-6,7/2/2019,7.612143957,2019-07-02T07:55:00.000+0000
8.996313679,WindTurbine-6,7/2/2019,8.875115635,2019-07-02T08:00:00.000+0000
6.922842786,WindTurbine-6,7/2/2019,6.829578474,2019-07-02T08:05:00.000+0000
8.883794622,WindTurbine-6,7/2/2019,8.76411243,2019-07-02T08:10:00.000+0000
7.948139272,WindTurbine-6,7/2/2019,7.841062199,2019-07-02T08:15:00.000+0000
7.699452762,WindTurbine-6,7/2/2019,7.595725986,2019-07-02T08:20:00.000+0000
8.576353079,WindTurbine-6,7/2/2019,8.46081273,2019-07-02T08:25:00.000+0000
8.123758119,WindTurbine-6,7/2/2019,8.014315115,2019-07-02T08:30:00.000+0000
7.684239486,WindTurbine-6,7/2/2019,7.580717662,2019-07-02T08:35:00.000+0000
8.730920857,WindTurbine-6,7/2/2019,8.613298176,2019-07-02T08:40:00.000+0000
7.81728865,WindTurbine-6,7/2/2019,7.711974392,2019-07-02T08:45:00.000+0000
7.642339688,WindTurbine-6,7/2/2019,7.539382337,2019-07-02T08:50:00.000+0000
6.995278417,WindTurbine-6,7/2/2019,6.901038255,2019-07-02T08:55:00.000+0000
8.007051853,WindTurbine-6,7/2/2019,7.899181112,2019-07-02T09:00:00.000+0000
6.203035356,WindTurbine-6,7/2/2019,6.119468266,2019-07-02T09:05:00.000+0000
7.75623457,WindTurbine-6,7/2/2019,7.651742831,2019-07-02T09:10:00.000+0000
7.015890886,WindTurbine-6,7/2/2019,6.921373033,2019-07-02T09:15:00.000+0000
7.339102615,WindTurbine-6,7/2/2019,7.240230464,2019-07-02T09:20:00.000+0000
8.657148721,WindTurbine-6,7/2/2019,8.540519896,2019-07-02T09:25:00.000+0000
8.576081901,WindTurbine-6,7/2/2019,8.460545205,2019-07-02T09:30:00.000+0000
8.559056544,WindTurbine-6,7/2/2019,8.443749213,2019-07-02T09:35:00.000+0000
5.849267109,WindTurbine-6,7/2/2019,5.770465974,2019-07-02T09:40:00.000+0000
6.792150719,WindTurbine-6,7/2/2019,6.700647086,2019-07-02T09:45:00.000+0000
7.687545519,WindTurbine-6,7/2/2019,7.583979157,2019-07-02T09:50:00.000+0000
7.225842594,WindTurbine-6,7/2/2019,7.128496279,2019-07-02T09:55:00.000+0000
7.59611676,WindTurbine-6,7/2/2019,7.493782123,2019-07-02T10:00:00.000+0000
8.372957928,WindTurbine-6,7/2/2019,8.260157712,2019-07-02T10:05:00.000+0000
7.968861931,WindTurbine-6,7/2/2019,7.861505684,2019-07-02T10:10:00.000+0000
8.344419314,WindTurbine-6,7/2/2019,8.23200357,2019-07-02T10:15:00.000+0000
7.863610649,WindTurbine-6,7/2/2019,7.757672343,2019-07-02T10:20:00.000+0000
9.297417912,WindTurbine-6,7/2/2019,9.172163401,2019-07-02T10:25:00.000+0000
8.764275206,WindTurbine-6,7/2/2019,8.646203176,2019-07-02T10:30:00.000+0000
8.311675185,WindTurbine-6,7/2/2019,8.199700568,2019-07-02T10:35:00.000+0000
8.157478748,WindTurbine-6,7/2/2019,8.047581461,2019-07-02T10:40:00.000+0000
9.283571983,WindTurbine-6,7/2/2019,9.158504004,2019-07-02T10:45:00.000+0000
8.688020242,WindTurbine-6,7/2/2019,8.570975517,2019-07-02T10:50:00.000+0000
8.488158439,WindTurbine-6,7/2/2019,8.373806245,2019-07-02T10:55:00.000+0000
8.690920557,WindTurbine-6,7/2/2019,8.573836759,2019-07-02T11:00:00.000+0000
8.790514001,WindTurbine-6,7/2/2019,8.672088483,2019-07-02T11:05:00.000+0000
7.780630942,WindTurbine-6,7/2/2019,7.675810536,2019-07-02T11:10:00.000+0000
8.768501793,WindTurbine-6,7/2/2019,8.650372823,2019-07-02T11:15:00.000+0000
9.356939039,WindTurbine-6,7/2/2019,9.230882662,2019-07-02T11:20:00.000+0000
8.561601503,WindTurbine-6,7/2/2019,8.446259887,2019-07-02T11:25:00.000+0000
8.372718918,WindTurbine-6,7/2/2019,8.259921922,2019-07-02T11:30:00.000+0000
7.058872487,WindTurbine-6,7/2/2019,6.963775587,2019-07-02T11:35:00.000+0000
8.855979293,WindTurbine-6,7/2/2019,8.736671829,2019-07-02T11:40:00.000+0000
7.702443195,WindTurbine-6,7/2/2019,7.598676132,2019-07-02T11:45:00.000+0000
7.759138922,WindTurbine-6,7/2/2019,7.654608055,2019-07-02T11:50:00.000+0000
7.88590126,WindTurbine-6,7/2/2019,7.779662655,2019-07-02T11:55:00.000+0000
7.920037271,WindTurbine-6,7/2/2019,7.813338788,2019-07-02T12:00:00.000+0000
8.209265905,WindTurbine-6,7/2/2019,8.098670942,2019-07-02T12:05:00.000+0000
8.948372212,WindTurbine-6,7/2/2019,8.827820034,2019-07-02T12:10:00.000+0000
7.130750656,WindTurbine-6,7/2/2019,7.034685416,2019-07-02T12:15:00.000+0000
8.093205895,WindTurbine-6,7/2/2019,7.984174489,2019-07-02T12:20:00.000+0000
7.936802249,WindTurbine-6,7/2/2019,7.829877908,2019-07-02T12:25:00.000+0000
7.33291063,WindTurbine-6,7/2/2019,7.234121897,2019-07-02T12:30:00.000+0000
7.640652035,WindTurbine-6,7/2/2019,7.53771742,2019-07-02T12:35:00.000+0000
6.848148919,WindTurbine-6,7/2/2019,6.755890881,2019-07-02T12:40:00.000+0000
8.49668481,WindTurbine-6,7/2/2019,8.38221775,2019-07-02T12:45:00.000+0000
8.100562629,WindTurbine-6,7/2/2019,7.991432114,2019-07-02T12:50:00.000+0000
9.530002154,WindTurbine-6,7/2/2019,9.401614276,2019-07-02T12:55:00.000+0000
7.290302306,WindTurbine-6,7/2/2019,7.192087592,2019-07-02T13:00:00.000+0000
8.701534799,WindTurbine-6,7/2/2019,8.584308006,2019-07-02T13:05:00.000+0000
8.343809257,WindTurbine-6,7/2/2019,8.231401731,2019-07-02T13:10:00.000+0000
8.300566163,WindTurbine-6,7/2/2019,8.188741206,2019-07-02T13:15:00.000+0000
8.776160813,WindTurbine-6,7/2/2019,8.657928661,2019-07-02T13:20:00.000+0000
9.111948848,WindTurbine-6,7/2/2019,8.98919297,2019-07-02T13:25:00.000+0000
8.337950547,WindTurbine-6,7/2/2019,8.22562195,2019-07-02T13:30:00.000+0000
7.7759978,WindTurbine-6,7/2/2019,7.671239811,2019-07-02T13:35:00.000+0000
7.228312957,WindTurbine-6,7/2/2019,7.130933361,2019-07-02T13:40:00.000+0000
8.601841169,WindTurbine-6,7/2/2019,8.485957445,2019-07-02T13:45:00.000+0000
7.193391122,WindTurbine-6,7/2/2019,7.096481992,2019-07-02T13:50:00.000+0000
7.203236384,WindTurbine-6,7/2/2019,7.106194618,2019-07-02T13:55:00.000+0000
7.973402208,WindTurbine-6,7/2/2019,7.865984794,2019-07-02T14:00:00.000+0000
8.721223356,WindTurbine-6,7/2/2019,8.603731319,2019-07-02T14:05:00.000+0000
7.611919592,WindTurbine-6,7/2/2019,7.50937206,2019-07-02T14:10:00.000+0000
8.52047067,WindTurbine-6,7/2/2019,8.405683167,2019-07-02T14:15:00.000+0000
7.756841017,WindTurbine-6,7/2/2019,7.652341108,2019-07-02T14:20:00.000+0000
8.040487445,WindTurbine-6,7/2/2019,7.932166261,2019-07-02T14:25:00.000+0000
8.150459071,WindTurbine-6,7/2/2019,8.040656352,2019-07-02T14:30:00.000+0000
8.794826053,WindTurbine-6,7/2/2019,8.676342444,2019-07-02T14:35:00.000+0000
7.899641433,WindTurbine-6,7/2/2019,7.793217722,2019-07-02T14:40:00.000+0000
8.543723564,WindTurbine-6,7/2/2019,8.428622799,2019-07-02T14:45:00.000+0000
8.125559795,WindTurbine-6,7/2/2019,8.016092519,2019-07-02T14:50:00.000+0000
9.317854536,WindTurbine-6,7/2/2019,9.192324704,2019-07-02T14:55:00.000+0000
7.703474888,WindTurbine-6,7/2/2019,7.599693926,2019-07-02T15:00:00.000+0000
8.147850949,WindTurbine-6,7/2/2019,8.038083367,2019-07-02T15:05:00.000+0000
8.449670457,WindTurbine-6,7/2/2019,8.335836772,2019-07-02T15:10:00.000+0000
7.921060756,WindTurbine-6,7/2/2019,7.814348484,2019-07-02T15:15:00.000+0000
7.081078319,WindTurbine-6,7/2/2019,6.985682263,2019-07-02T15:20:00.000+0000
8.341487116,WindTurbine-6,7/2/2019,8.229110874,2019-07-02T15:25:00.000+0000
7.010104621,WindTurbine-6,7/2/2019,6.91566472,2019-07-02T15:30:00.000+0000
7.597001822,WindTurbine-6,7/2/2019,7.494655261,2019-07-02T15:35:00.000+0000
7.946794306,WindTurbine-6,7/2/2019,7.839735352,2019-07-02T15:40:00.000+0000
8.4484072,WindTurbine-6,7/2/2019,8.334590534,2019-07-02T15:45:00.000+0000
6.837823176,WindTurbine-6,7/2/2019,6.745704246,2019-07-02T15:50:00.000+0000
7.4292459,WindTurbine-6,7/2/2019,7.329159342,2019-07-02T15:55:00.000+0000
8.091107877,WindTurbine-6,7/2/2019,7.982104736,2019-07-02T16:00:00.000+0000
8.399445887,WindTurbine-6,7/2/2019,8.286288827,2019-07-02T16:05:00.000+0000
7.60594831,WindTurbine-6,7/2/2019,7.503481222,2019-07-02T16:10:00.000+0000
7.151923228,WindTurbine-6,7/2/2019,7.055572752,2019-07-02T16:15:00.000+0000
8.399366446,WindTurbine-6,7/2/2019,8.286210456,2019-07-02T16:20:00.000+0000
8.448074246,WindTurbine-6,7/2/2019,8.334262066,2019-07-02T16:25:00.000+0000
7.777997409,WindTurbine-6,7/2/2019,7.673212482,2019-07-02T16:30:00.000+0000
6.861199765,WindTurbine-6,7/2/2019,6.768765906,2019-07-02T16:35:00.000+0000
7.484748296,WindTurbine-6,7/2/2019,7.383914011,2019-07-02T16:40:00.000+0000
7.543708121,WindTurbine-6,7/2/2019,7.442079531,2019-07-02T16:45:00.000+0000
8.812682605,WindTurbine-6,7/2/2019,8.693958433,2019-07-02T16:50:00.000+0000
7.319403972,WindTurbine-6,7/2/2019,7.220797201,2019-07-02T16:55:00.000+0000
9.347276783,WindTurbine-6,7/2/2019,9.221350576,2019-07-02T17:00:00.000+0000
7.614593182,WindTurbine-6,7/2/2019,7.512009631,2019-07-02T17:05:00.000+0000
8.242493418,WindTurbine-6,7/2/2019,8.131450816,2019-07-02T17:10:00.000+0000
8.405417139,WindTurbine-6,7/2/2019,8.292179634,2019-07-02T17:15:00.000+0000
7.820578894,WindTurbine-6,7/2/2019,7.71522031,2019-07-02T17:20:00.000+0000
9.030033073,WindTurbine-6,7/2/2019,8.908380762,2019-07-02T17:25:00.000+0000
6.170619496,WindTurbine-6,7/2/2019,6.087489111,2019-07-02T17:30:00.000+0000
9.161301003,WindTurbine-6,7/2/2019,9.037880255,2019-07-02T17:35:00.000+0000
7.797868064,WindTurbine-6,7/2/2019,7.69281544,2019-07-02T17:40:00.000+0000
7.821151648,WindTurbine-6,7/2/2019,7.715785349,2019-07-02T17:45:00.000+0000
8.696494039,WindTurbine-6,7/2/2019,8.579335155,2019-07-02T17:50:00.000+0000
7.765340506,WindTurbine-6,7/2/2019,7.660726093,2019-07-02T17:55:00.000+0000
7.97979954,WindTurbine-6,7/2/2019,7.872295941,2019-07-02T18:00:00.000+0000
8.823159536,WindTurbine-6,7/2/2019,8.704294219,2019-07-02T18:05:00.000+0000
6.868727182,WindTurbine-6,7/2/2019,6.776191914,2019-07-02T18:10:00.000+0000
7.656240716,WindTurbine-6,7/2/2019,7.553096091,2019-07-02T18:15:00.000+0000
9.730536522,WindTurbine-6,7/2/2019,9.599447052,2019-07-02T18:20:00.000+0000
9.079673701,WindTurbine-6,7/2/2019,8.957352633,2019-07-02T18:25:00.000+0000
8.666075441,WindTurbine-6,7/2/2019,8.549326355,2019-07-02T18:30:00.000+0000
7.873250657,WindTurbine-6,7/2/2019,7.767182481,2019-07-02T18:35:00.000+0000
8.821677623,WindTurbine-6,7/2/2019,8.70283227,2019-07-02T18:40:00.000+0000
7.788450485,WindTurbine-6,7/2/2019,7.683524735,2019-07-02T18:45:00.000+0000
8.172281591,WindTurbine-6,7/2/2019,8.06218488,2019-07-02T18:50:00.000+0000
7.885154557,WindTurbine-6,7/2/2019,7.778926013,2019-07-02T18:55:00.000+0000
8.46234394,WindTurbine-6,7/2/2019,8.348339518,2019-07-02T19:00:00.000+0000
8.936543703,WindTurbine-6,7/2/2019,8.816150878,2019-07-02T19:05:00.000+0000
7.159202875,WindTurbine-6,7/2/2019,7.062754328,2019-07-02T19:10:00.000+0000
8.117483078,WindTurbine-6,7/2/2019,8.008124611,2019-07-02T19:15:00.000+0000
9.309114799,WindTurbine-6,7/2/2019,9.183702708,2019-07-02T19:20:00.000+0000
8.391309084,WindTurbine-6,7/2/2019,8.278261642,2019-07-02T19:25:00.000+0000
7.496861596,WindTurbine-6,7/2/2019,7.395864122,2019-07-02T19:30:00.000+0000
7.081418935,WindTurbine-6,7/2/2019,6.98601829,2019-07-02T19:35:00.000+0000
7.152750633,WindTurbine-6,7/2/2019,7.05638901,2019-07-02T19:40:00.000+0000
8.256627663,WindTurbine-6,7/2/2019,8.145394645,2019-07-02T19:45:00.000+0000
8.498034266,WindTurbine-6,7/2/2019,8.383549025,2019-07-02T19:50:00.000+0000
8.113493552,WindTurbine-6,7/2/2019,8.004188832,2019-07-02T19:55:00.000+0000
9.377316213,WindTurbine-6,7/2/2019,9.250985316,2019-07-02T20:00:00.000+0000
7.723645576,WindTurbine-6,7/2/2019,7.619592875,2019-07-02T20:05:00.000+0000
9.166637418,WindTurbine-6,7/2/2019,9.043144778,2019-07-02T20:10:00.000+0000
8.187939814,WindTurbine-6,7/2/2019,8.077632156,2019-07-02T20:15:00.000+0000
7.823064261,WindTurbine-6,7/2/2019,7.717672194,2019-07-02T20:20:00.000+0000
8.583651306,WindTurbine-6,7/2/2019,8.468012635,2019-07-02T20:25:00.000+0000
7.422639777,WindTurbine-6,7/2/2019,7.322642216,2019-07-02T20:30:00.000+0000
7.081293422,WindTurbine-6,7/2/2019,6.985894468,2019-07-02T20:35:00.000+0000
7.649549104,WindTurbine-6,7/2/2019,7.546494628,2019-07-02T20:40:00.000+0000
8.430969469,WindTurbine-6,7/2/2019,8.317387724,2019-07-02T20:45:00.000+0000
7.093710431,WindTurbine-6,7/2/2019,6.998144196,2019-07-02T20:50:00.000+0000
7.101412599,WindTurbine-6,7/2/2019,7.0057426,2019-07-02T20:55:00.000+0000
7.954571871,WindTurbine-6,7/2/2019,7.847408139,2019-07-02T21:00:00.000+0000
7.510809817,WindTurbine-6,7/2/2019,7.409624432,2019-07-02T21:05:00.000+0000
8.28180864,WindTurbine-6,7/2/2019,8.170236384,2019-07-02T21:10:00.000+0000
8.048272686,WindTurbine-6,7/2/2019,7.939846619,2019-07-02T21:15:00.000+0000
7.457044476,WindTurbine-6,7/2/2019,7.356583416,2019-07-02T21:20:00.000+0000
8.515711544,WindTurbine-6,7/2/2019,8.400988156,2019-07-02T21:25:00.000+0000
8.793716286,WindTurbine-6,7/2/2019,8.675247627,2019-07-02T21:30:00.000+0000
7.105715657,WindTurbine-6,7/2/2019,7.009987688,2019-07-02T21:35:00.000+0000
8.549629217,WindTurbine-6,7/2/2019,8.434448891,2019-07-02T21:40:00.000+0000
8.414248767,WindTurbine-6,7/2/2019,8.300892282,2019-07-02T21:45:00.000+0000
8.065677247,WindTurbine-6,7/2/2019,7.957016707,2019-07-02T21:50:00.000+0000
8.968311596,WindTurbine-6,7/2/2019,8.847490795,2019-07-02T21:55:00.000+0000
7.426911742,WindTurbine-6,7/2/2019,7.326856629,2019-07-02T22:00:00.000+0000
6.694612495,WindTurbine-6,7/2/2019,6.604422894,2019-07-02T22:05:00.000+0000
7.593388303,WindTurbine-6,7/2/2019,7.491090424,2019-07-02T22:10:00.000+0000
8.435895893,WindTurbine-6,7/2/2019,8.322247779,2019-07-02T22:15:00.000+0000
8.749444979,WindTurbine-6,7/2/2019,8.631572742,2019-07-02T22:20:00.000+0000
8.640850911,WindTurbine-6,7/2/2019,8.524441649,2019-07-02T22:25:00.000+0000
9.506022975,WindTurbine-6,7/2/2019,9.377958144,2019-07-02T22:30:00.000+0000
8.188243467,WindTurbine-6,7/2/2019,8.077931719,2019-07-02T22:35:00.000+0000
7.888680712,WindTurbine-6,7/2/2019,7.782404663,2019-07-02T22:40:00.000+0000
7.269223908,WindTurbine-6,7/2/2019,7.171293161,2019-07-02T22:45:00.000+0000
9.990818879,WindTurbine-6,7/2/2019,9.856222893,2019-07-02T22:50:00.000+0000
8.21200275,WindTurbine-6,7/2/2019,8.101370917,2019-07-02T22:55:00.000+0000
8.175202336,WindTurbine-6,7/2/2019,8.065066277,2019-07-02T23:00:00.000+0000
7.816084552,WindTurbine-6,7/2/2019,7.710786516,2019-07-02T23:05:00.000+0000
8.590954674,WindTurbine-6,7/2/2019,8.475217613,2019-07-02T23:10:00.000+0000
8.643917875,WindTurbine-6,7/2/2019,8.527467296,2019-07-02T23:15:00.000+0000
9.687785117,WindTurbine-6,7/2/2019,9.557271592,2019-07-02T23:20:00.000+0000
8.275795152,WindTurbine-6,7/2/2019,8.16430391,2019-07-02T23:25:00.000+0000
9.299989447,WindTurbine-6,7/2/2019,9.174700293,2019-07-02T23:30:00.000+0000
7.755226442,WindTurbine-6,7/2/2019,7.650748284,2019-07-02T23:35:00.000+0000
8.327698292,WindTurbine-6,7/2/2019,8.215507813,2019-07-02T23:40:00.000+0000
8.192237149,WindTurbine-6,7/2/2019,8.081871597,2019-07-02T23:45:00.000+0000
8.00043954,WindTurbine-6,7/2/2019,7.89265788,2019-07-02T23:50:00.000+0000
7.319137927,WindTurbine-6,7/2/2019,7.22053474,2019-07-02T23:55:00.000+0000
8.602623499,WindTurbine-6,7/3/2019,8.486729236,2019-07-03T00:00:00.000+0000
8.999493063,WindTurbine-6,7/3/2019,8.878252186,2019-07-03T00:05:00.000+0000
7.105407728,WindTurbine-6,7/3/2019,7.009683907,2019-07-03T00:10:00.000+0000
7.774267157,WindTurbine-6,7/3/2019,7.669532484,2019-07-03T00:15:00.000+0000
8.582227386,WindTurbine-6,7/3/2019,8.466607898,2019-07-03T00:20:00.000+0000
8.267238249,WindTurbine-6,7/3/2019,8.155862285,2019-07-03T00:25:00.000+0000
9.124176749,WindTurbine-6,7/3/2019,9.001256138,2019-07-03T00:30:00.000+0000
7.600041043,WindTurbine-6,7/3/2019,7.497653539,2019-07-03T00:35:00.000+0000
8.639647102,WindTurbine-6,7/3/2019,8.523254058,2019-07-03T00:40:00.000+0000
8.350707008,WindTurbine-6,7/3/2019,8.238206556,2019-07-03T00:45:00.000+0000
8.383367379,WindTurbine-6,7/3/2019,8.270426927,2019-07-03T00:50:00.000+0000
8.172713328,WindTurbine-6,7/3/2019,8.062610801,2019-07-03T00:55:00.000+0000
7.001471766,WindTurbine-6,7/3/2019,6.907148167,2019-07-03T01:00:00.000+0000
7.82986429,WindTurbine-6,7/3/2019,7.724380614,2019-07-03T01:05:00.000+0000
7.833617782,WindTurbine-6,7/3/2019,7.728083539,2019-07-03T01:10:00.000+0000
8.066183342,WindTurbine-6,7/3/2019,7.957515984,2019-07-03T01:15:00.000+0000
7.877879299,WindTurbine-6,7/3/2019,7.771748766,2019-07-03T01:20:00.000+0000
8.828899975,WindTurbine-6,7/3/2019,8.709957323,2019-07-03T01:25:00.000+0000
7.422577683,WindTurbine-6,7/3/2019,7.322580959,2019-07-03T01:30:00.000+0000
7.648061222,WindTurbine-6,7/3/2019,7.545026791,2019-07-03T01:35:00.000+0000
8.431798109,WindTurbine-6,7/3/2019,8.3182052,2019-07-03T01:40:00.000+0000
7.706344807,WindTurbine-6,7/3/2019,7.602525182,2019-07-03T01:45:00.000+0000
6.868714601,WindTurbine-6,7/3/2019,6.776179503,2019-07-03T01:50:00.000+0000
7.645906698,WindTurbine-6,7/3/2019,7.542901292,2019-07-03T01:55:00.000+0000
7.119218174,WindTurbine-6,7/3/2019,7.0233083,2019-07-03T02:00:00.000+0000
8.195822488,WindTurbine-6,7/3/2019,8.085408635,2019-07-03T02:05:00.000+0000
7.911310987,WindTurbine-6,7/3/2019,7.804730063,2019-07-03T02:10:00.000+0000
8.358102674,WindTurbine-6,7/3/2019,8.245502588,2019-07-03T02:15:00.000+0000
7.928582389,WindTurbine-6,7/3/2019,7.821768786,2019-07-03T02:20:00.000+0000
8.68540074,WindTurbine-6,7/3/2019,8.568391305,2019-07-03T02:25:00.000+0000
7.467247175,WindTurbine-6,7/3/2019,7.366648665,2019-07-03T02:30:00.000+0000
8.497760308,WindTurbine-6,7/3/2019,8.383278759,2019-07-03T02:35:00.000+0000
7.907086479,WindTurbine-6,7/3/2019,7.800562468,2019-07-03T02:40:00.000+0000
8.007485497,WindTurbine-6,7/3/2019,7.899608914,2019-07-03T02:45:00.000+0000
9.415346449,WindTurbine-6,7/3/2019,9.288503209,2019-07-03T02:50:00.000+0000
7.657553641,WindTurbine-6,7/3/2019,7.554391328,2019-07-03T02:55:00.000+0000
7.741816214,WindTurbine-6,7/3/2019,7.637518719,2019-07-03T03:00:00.000+0000
9.14629498,WindTurbine-6,7/3/2019,9.023076392,2019-07-03T03:05:00.000+0000
8.388490193,WindTurbine-6,7/3/2019,8.275480727,2019-07-03T03:10:00.000+0000
8.697301885,WindTurbine-6,7/3/2019,8.580132118,2019-07-03T03:15:00.000+0000
7.422005343,WindTurbine-6,7/3/2019,7.32201633,2019-07-03T03:20:00.000+0000
7.614530999,WindTurbine-6,7/3/2019,7.511948286,2019-07-03T03:25:00.000+0000
7.698122154,WindTurbine-6,7/3/2019,7.594413304,2019-07-03T03:30:00.000+0000
8.117696426,WindTurbine-6,7/3/2019,8.008335085,2019-07-03T03:35:00.000+0000
8.400640373,WindTurbine-6,7/3/2019,8.28746722,2019-07-03T03:40:00.000+0000
8.37434299,WindTurbine-6,7/3/2019,8.261524115,2019-07-03T03:45:00.000+0000
8.96183125,WindTurbine-6,7/3/2019,8.841097752,2019-07-03T03:50:00.000+0000
6.692135983,WindTurbine-6,7/3/2019,6.601979746,2019-07-03T03:55:00.000+0000
7.731192773,WindTurbine-6,7/3/2019,7.627038396,2019-07-03T04:00:00.000+0000
7.580243105,WindTurbine-6,7/3/2019,7.478122317,2019-07-03T04:05:00.000+0000
7.212068201,WindTurbine-6,7/3/2019,7.114907454,2019-07-03T04:10:00.000+0000
9.491164662,WindTurbine-6,7/3/2019,9.363300001,2019-07-03T04:15:00.000+0000
7.82835625,WindTurbine-6,7/3/2019,7.72289289,2019-07-03T04:20:00.000+0000
7.044615056,WindTurbine-6,7/3/2019,6.949710232,2019-07-03T04:25:00.000+0000
7.133495641,WindTurbine-6,7/3/2019,7.03739342,2019-07-03T04:30:00.000+0000
6.338069482,WindTurbine-6,7/3/2019,6.252683217,2019-07-03T04:35:00.000+0000
9.462583401,WindTurbine-6,7/3/2019,9.335103786,2019-07-03T04:40:00.000+0000
7.869490482,WindTurbine-6,7/3/2019,7.763472963,2019-07-03T04:45:00.000+0000
7.915570017,WindTurbine-6,7/3/2019,7.808931716,2019-07-03T04:50:00.000+0000
7.99806836,WindTurbine-6,7/3/2019,7.890318644,2019-07-03T04:55:00.000+0000
7.724396007,WindTurbine-6,7/3/2019,7.620333196,2019-07-03T05:00:00.000+0000
7.471076139,WindTurbine-6,7/3/2019,7.370426046,2019-07-03T05:05:00.000+0000
8.419532757,WindTurbine-6,7/3/2019,8.306105087,2019-07-03T05:10:00.000+0000
7.77331953,WindTurbine-6,7/3/2019,7.668597623,2019-07-03T05:15:00.000+0000
8.257099302,WindTurbine-6,7/3/2019,8.14585993,2019-07-03T05:20:00.000+0000
8.724975061,WindTurbine-6,7/3/2019,8.607432482,2019-07-03T05:25:00.000+0000
7.716561006,WindTurbine-6,7/3/2019,7.612603748,2019-07-03T05:30:00.000+0000
8.488727796,WindTurbine-6,7/3/2019,8.374367932,2019-07-03T05:35:00.000+0000
7.929993937,WindTurbine-6,7/3/2019,7.823161318,2019-07-03T05:40:00.000+0000
8.209028824,WindTurbine-6,7/3/2019,8.098437056,2019-07-03T05:45:00.000+0000
7.337338441,WindTurbine-6,7/3/2019,7.238490057,2019-07-03T05:50:00.000+0000
7.915963308,WindTurbine-6,7/3/2019,7.809319708,2019-07-03T05:55:00.000+0000
8.243568142,WindTurbine-6,7/3/2019,8.132511061,2019-07-03T06:00:00.000+0000
7.378196141,WindTurbine-6,7/3/2019,7.278797324,2019-07-03T06:05:00.000+0000
8.098235098,WindTurbine-6,7/3/2019,7.989135939,2019-07-03T06:10:00.000+0000
8.266003215,WindTurbine-6,7/3/2019,8.15464389,2019-07-03T06:15:00.000+0000
7.881722816,WindTurbine-6,7/3/2019,7.775540503,2019-07-03T06:20:00.000+0000
7.668260431,WindTurbine-6,7/3/2019,7.564953877,2019-07-03T06:25:00.000+0000
7.809850634,WindTurbine-6,7/3/2019,7.704636581,2019-07-03T06:30:00.000+0000
7.898986063,WindTurbine-6,7/3/2019,7.792571181,2019-07-03T06:35:00.000+0000
7.985622265,WindTurbine-6,7/3/2019,7.878040223,2019-07-03T06:40:00.000+0000
9.09810418,WindTurbine-6,7/3/2019,8.975534817,2019-07-03T06:45:00.000+0000
8.526438779,WindTurbine-6,7/3/2019,8.411570874,2019-07-03T06:50:00.000+0000
8.019522938,WindTurbine-6,7/3/2019,7.911484187,2019-07-03T06:55:00.000+0000
9.049566709,WindTurbine-6,7/3/2019,8.927651242,2019-07-03T07:00:00.000+0000
8.243612729,WindTurbine-6,7/3/2019,8.132555048,2019-07-03T07:05:00.000+0000
7.405506703,WindTurbine-6,7/3/2019,7.305739958,2019-07-03T07:10:00.000+0000
8.372610296,WindTurbine-6,7/3/2019,8.259814763,2019-07-03T07:15:00.000+0000
8.005284909,WindTurbine-6,7/3/2019,7.897437972,2019-07-03T07:20:00.000+0000
9.178291447,WindTurbine-6,7/3/2019,9.054641804,2019-07-03T07:25:00.000+0000
7.947347742,WindTurbine-6,7/3/2019,7.840281333,2019-07-03T07:30:00.000+0000
8.356572469,WindTurbine-6,7/3/2019,8.243992997,2019-07-03T07:35:00.000+0000
7.470279669,WindTurbine-6,7/3/2019,7.369640305,2019-07-03T07:40:00.000+0000
8.475386492,WindTurbine-6,7/3/2019,8.361206362,2019-07-03T07:45:00.000+0000
7.971964573,WindTurbine-6,7/3/2019,7.864566527,2019-07-03T07:50:00.000+0000
9.308001059,WindTurbine-6,7/3/2019,9.182603973,2019-07-03T07:55:00.000+0000
8.157841805,WindTurbine-6,7/3/2019,8.047939626,2019-07-03T08:00:00.000+0000
9.510901061,WindTurbine-6,7/3/2019,9.382770512,2019-07-03T08:05:00.000+0000
8.228505281,WindTurbine-6,7/3/2019,8.117651127,2019-07-03T08:10:00.000+0000
8.485471691,WindTurbine-6,7/3/2019,8.371155693,2019-07-03T08:15:00.000+0000
7.306597889,WindTurbine-6,7/3/2019,7.20816364,2019-07-03T08:20:00.000+0000
8.968425439,WindTurbine-6,7/3/2019,8.847603105,2019-07-03T08:25:00.000+0000
8.391201342,WindTurbine-6,7/3/2019,8.278155351,2019-07-03T08:30:00.000+0000
7.301822483,WindTurbine-6,7/3/2019,7.203452569,2019-07-03T08:35:00.000+0000
7.80019741,WindTurbine-6,7/3/2019,7.695113405,2019-07-03T08:40:00.000+0000
7.070284487,WindTurbine-6,7/3/2019,6.975033845,2019-07-03T08:45:00.000+0000
9.323988641,WindTurbine-6,7/3/2019,9.19837617,2019-07-03T08:50:00.000+0000
8.383216836,WindTurbine-6,7/3/2019,8.270278412,2019-07-03T08:55:00.000+0000
8.808790288,WindTurbine-6,7/3/2019,8.690118553,2019-07-03T09:00:00.000+0000
8.291594369,WindTurbine-6,7/3/2019,8.179890281,2019-07-03T09:05:00.000+0000
9.088492107,WindTurbine-6,7/3/2019,8.966052239,2019-07-03T09:10:00.000+0000
8.11857481,WindTurbine-6,7/3/2019,8.009201635,2019-07-03T09:15:00.000+0000
8.826099898,WindTurbine-6,7/3/2019,8.707194969,2019-07-03T09:20:00.000+0000
8.090597929,WindTurbine-6,7/3/2019,7.981601658,2019-07-03T09:25:00.000+0000
7.981121544,WindTurbine-6,7/3/2019,7.873600135,2019-07-03T09:30:00.000+0000
7.892095989,WindTurbine-6,7/3/2019,7.785773929,2019-07-03T09:35:00.000+0000
8.737676957,WindTurbine-6,7/3/2019,8.619963258,2019-07-03T09:40:00.000+0000
8.210286033,WindTurbine-6,7/3/2019,8.099677327,2019-07-03T09:45:00.000+0000
8.287605411,WindTurbine-6,7/3/2019,8.175955061,2019-07-03T09:50:00.000+0000
7.836859412,WindTurbine-6,7/3/2019,7.731281498,2019-07-03T09:55:00.000+0000
7.35281348,WindTurbine-6,7/3/2019,7.253756617,2019-07-03T10:00:00.000+0000
7.592945877,WindTurbine-6,7/3/2019,7.490653958,2019-07-03T10:05:00.000+0000
8.800232086,WindTurbine-6,7/3/2019,8.681675647,2019-07-03T10:10:00.000+0000
8.056651385,WindTurbine-6,7/3/2019,7.94811244,2019-07-03T10:15:00.000+0000
8.950449523,WindTurbine-6,7/3/2019,8.829869359,2019-07-03T10:20:00.000+0000
9.090344362,WindTurbine-6,7/3/2019,8.967879539,2019-07-03T10:25:00.000+0000
8.563902545,WindTurbine-6,7/3/2019,8.448529929,2019-07-03T10:30:00.000+0000
8.093157699,WindTurbine-6,7/3/2019,7.984126943,2019-07-03T10:35:00.000+0000
7.059170589,WindTurbine-6,7/3/2019,6.964069673,2019-07-03T10:40:00.000+0000
9.063108932,WindTurbine-6,7/3/2019,8.941011025,2019-07-03T10:45:00.000+0000
8.587221502,WindTurbine-6,7/3/2019,8.471534734,2019-07-03T10:50:00.000+0000
8.334673168,WindTurbine-6,7/3/2019,8.222388723,2019-07-03T10:55:00.000+0000
8.328475164,WindTurbine-6,7/3/2019,8.216274218,2019-07-03T11:00:00.000+0000
7.357890534,WindTurbine-6,7/3/2019,7.258765273,2019-07-03T11:05:00.000+0000
7.961865895,WindTurbine-6,7/3/2019,7.854603897,2019-07-03T11:10:00.000+0000
7.323685457,WindTurbine-6,7/3/2019,7.225021005,2019-07-03T11:15:00.000+0000
